code,sector,update_time
000005,其它,2026-04-16T09:22:33.622577
000016,其它,2026-04-16T09:22:33.630787
000023,其它,2026-04-16T09:22:33.636899
000018,其它,2026-04-16T09:22:33.632155
000033,其它,2026-04-16T09:22:33.647559
000013,其它,2026-04-16T09:22:33.631395
000038,其它,2026-04-16T09:22:33.651258
000056,其它,2026-04-16T09:22:33.663903
000046,其它,2026-04-16T09:22:33.668959
000078,其它,2026-04-16T09:22:33.678419
000010,其它,2026-04-16T09:22:33.624252
000150,其它,2026-04-16T09:22:33.685471
000040,其它,2026-04-16T09:22:33.653014
000413,其它,2026-04-16T09:22:33.715222
000416,其它,2026-04-16T09:22:33.716899
000488,其它,2026-04-16T09:22:33.731804
000502,其它,2026-04-16T09:22:33.738723
000511,其它,2026-04-16T09:22:33.746112
000540,其它,2026-04-16T09:22:33.777087
000587,其它,2026-04-16T09:22:33.816759
000585,其它,2026-04-16T09:22:33.823593
000594,其它,2026-04-16T09:22:33.834702
000606,其它,2026-04-16T09:22:33.839997
000609,其它,2026-04-16T09:22:33.843351
000610,其它,2026-04-16T09:22:33.844196
000611,其它,2026-04-16T09:22:33.845284
000615,其它,2026-04-16T09:22:33.849361
000616,其它,2026-04-16T09:22:33.850355
000613,其它,2026-04-16T09:22:33.857237
000627,其它,2026-04-16T09:22:33.861317
000632,其它,2026-04-16T09:22:33.864137
000638,其它,2026-04-16T09:22:33.867549
000639,其它,2026-04-16T09:22:33.868300
000662,其它,2026-04-16T09:22:33.880032
000669,其它,2026-04-16T09:22:33.886098
000671,其它,2026-04-16T09:22:33.889796
000667,其它,2026-04-16T09:22:33.887389
000673,其它,2026-04-16T09:22:33.891642
000677,其它,2026-04-16T09:22:33.893336
000687,其它,2026-04-16T09:22:33.898194
000698,其它,2026-04-16T09:22:33.905277
000693,其它,2026-04-16T09:22:33.901755
000711,其它,2026-04-16T09:22:33.916549
000752,其它,2026-04-16T09:22:33.941446
000760,其它,2026-04-16T09:22:33.946843
000793,其它,2026-04-16T09:22:33.966950
000732,其它,2026-04-16T09:22:33.930713
000806,其它,2026-04-16T09:22:33.976775
000820,其它,2026-04-16T09:22:33.989277
000821,其它,2026-04-16T09:22:33.989829
000826,其它,2026-04-16T09:22:33.993578
000835,其它,2026-04-16T09:22:33.999931
000838,其它,2026-04-16T09:22:34.002651
000851,其它,2026-04-16T09:22:34.005072
000909,其它,2026-04-16T09:22:34.040689
000911,其它,2026-04-16T09:22:34.043771
000903,其它,2026-04-16T09:22:34.038605
000918,其它,2026-04-16T09:22:34.048263
000939,其它,2026-04-16T09:22:34.066124
000961,其它,2026-04-16T09:22:34.076310
000971,其它,2026-04-16T09:22:34.085672
000836,其它,2026-04-16T09:22:34.000553
000976,其它,2026-04-16T09:22:34.090851
000979,其它,2026-04-16T09:22:34.094393
001221,其它,2026-04-16T09:22:34.122597
001239,其它,2026-04-16T09:22:34.134261
001277,其它,2026-04-16T09:22:34.144495
001279,其它,2026-04-16T09:22:34.145914
001306,其它,2026-04-16T09:22:34.156397
001326,其它,2026-04-16T09:22:34.167922
001335,其它,2026-04-16T09:22:34.171456
001358,其它,2026-04-16T09:22:34.175995
001359,其它,2026-04-16T09:22:34.176776
001356,其它,2026-04-16T09:22:34.175449
001376,其它,2026-04-16T09:22:34.181037
001378,其它,2026-04-16T09:22:34.181458
001382,其它,2026-04-16T09:22:34.184459
001388,其它,2026-04-16T09:22:34.186926
001379,其它,2026-04-16T09:22:34.182085
001391,其它,2026-04-16T09:22:34.190506
001390,其它,2026-04-16T09:22:34.188755
001400,其它,2026-04-16T09:22:34.191828
001395,其它,2026-04-16T09:22:34.191163
002002,其它,2026-04-16T09:22:34.198033
002018,其它,2026-04-16T09:22:34.213422
002024,其它,2026-04-16T09:22:34.219270
001389,其它,2026-04-16T09:22:34.188175
001387,其它,2026-04-16T09:22:34.247160
002070,其它,2026-04-16T09:22:34.259339
002071,其它,2026-04-16T09:22:34.260446
002082,其它,2026-04-16T09:22:34.269459
002102,其它,2026-04-16T09:22:34.291461
002109,其它,2026-04-16T09:22:34.299344
002118,其它,2026-04-16T09:22:34.309284
002122,其它,2026-04-16T09:22:34.312413
002143,其它,2026-04-16T09:22:34.333298
002147,其它,2026-04-16T09:22:34.338601
002168,其它,2026-04-16T09:22:34.356698
002055,其它,2026-04-16T09:22:34.246492
002113,其它,2026-04-16T09:22:34.302778
002175,其它,2026-04-16T09:22:34.363473
002193,其它,2026-04-16T09:22:34.375697
002198,其它,2026-04-16T09:22:34.378123
002199,其它,2026-04-16T09:22:34.378616
002207,其它,2026-04-16T09:22:34.388190
002211,其它,2026-04-16T09:22:34.393013
002214,其它,2026-04-16T09:22:34.394635
002217,其它,2026-04-16T09:22:34.396069
002220,其它,2026-04-16T09:22:34.398054
002227,其它,2026-04-16T09:22:34.404871
002231,其它,2026-04-16T09:22:34.409434
002260,其它,2026-04-16T09:22:34.435986
002280,其它,2026-04-16T09:22:34.451959
002288,其它,2026-04-16T09:22:34.459781
002306,其它,2026-04-16T09:22:34.472901
002308,其它,2026-04-16T09:22:34.475096
002305,其它,2026-04-16T09:22:34.472225
002323,其它,2026-04-16T09:22:34.490983
002325,其它,2026-04-16T09:22:34.492638
002341,其它,2026-04-16T09:22:34.513482
002359,其它,2026-04-16T09:22:34.525090
002360,其它,2026-04-16T09:22:34.525850
002411,其它,2026-04-16T09:22:34.564236
002417,其它,2026-04-16T09:22:34.567713
002435,其它,2026-04-16T09:22:34.586175
002431,其它,2026-04-16T09:22:34.580509
002447,其它,2026-04-16T09:22:34.597830
002424,其它,2026-04-16T09:22:34.573265
002464,其它,2026-04-16T09:22:34.616635
002473,其它,2026-04-16T09:22:34.621698
002477,其它,2026-04-16T09:22:34.626351
002485,其它,2026-04-16T09:22:34.634102
002450,其它,2026-04-16T09:22:34.599653
002502,其它,2026-04-16T09:22:34.655887
002503,其它,2026-04-16T09:22:34.656556
002504,其它,2026-04-16T09:22:34.658636
002501,其它,2026-04-16T09:22:34.655401
002509,其它,2026-04-16T09:22:34.663318
002512,其它,2026-04-16T09:22:34.665740
002514,其它,2026-04-16T09:22:34.667642
002528,其它,2026-04-16T09:22:34.679554
002538,其它,2026-04-16T09:22:34.689539
002542,其它,2026-04-16T09:22:34.693751
002499,其它,2026-04-16T09:22:34.673915
002581,其它,2026-04-16T09:22:34.725351
002586,其它,2026-04-16T09:22:34.730435
002598,其它,2026-04-16T09:22:34.742408
002604,其它,2026-04-16T09:22:34.747547
002592,其它,2026-04-16T09:22:34.748556
002569,其它,2026-04-16T09:22:34.718358
002610,其它,2026-04-16T09:22:34.753333
002618,其它,2026-04-16T09:22:34.759107
002619,其它,2026-04-16T09:22:34.759904
002620,其它,2026-04-16T09:22:34.760573
002547,其它,2026-04-16T09:22:34.698148
002621,其它,2026-04-16T09:22:34.761145
002630,其它,2026-04-16T09:22:34.768333
002634,其它,2026-04-16T09:22:34.771151
002650,其它,2026-04-16T09:22:34.786925
002656,其它,2026-04-16T09:22:34.790616
002665,其它,2026-04-16T09:22:34.796606
002667,其它,2026-04-16T09:22:34.797608
002684,其它,2026-04-16T09:22:34.811276
002680,其它,2026-04-16T09:22:34.807553
002691,其它,2026-04-16T09:22:34.817028
002689,其它,2026-04-16T09:22:34.813763
002694,其它,2026-04-16T09:22:34.820497
002699,其它,2026-04-16T09:22:34.827055
002711,其它,2026-04-16T09:22:34.836567
002713,其它,2026-04-16T09:22:34.839812
002717,其它,2026-04-16T09:22:34.843725
002719,其它,2026-04-16T09:22:34.846565
002726,其它,2026-04-16T09:22:34.851941
002740,其它,2026-04-16T09:22:34.865360
002731,其它,2026-04-16T09:22:34.858223
002751,其它,2026-04-16T09:22:34.871227
002770,其它,2026-04-16T09:22:34.883814
002781,其它,2026-04-16T09:22:34.893346
002776,其它,2026-04-16T09:22:34.894542
002789,其它,2026-04-16T09:22:34.898630
002816,其它,2026-04-16T09:22:34.919288
002822,其它,2026-04-16T09:22:34.922380
002856,其它,2026-04-16T09:22:34.949810
002872,其它,2026-04-16T09:22:34.964356
002883,其它,2026-04-16T09:22:34.974378
002932,其它,2026-04-16T09:22:35.010744
002977,其它,2026-04-16T09:22:35.049281
600003,其它,2026-04-16T09:22:35.123754
600065,其它,2026-04-16T09:22:35.164464
600053,其它,2026-04-16T09:22:35.156609
600070,其它,2026-04-16T09:22:35.168109
600069,其它,2026-04-16T09:22:35.167464
600074,其它,2026-04-16T09:22:35.170916
600077,其它,2026-04-16T09:22:35.172603
600079,其它,2026-04-16T09:22:35.175209
600080,其它,2026-04-16T09:22:35.175989
600082,其它,2026-04-16T09:22:35.177655
600086,其它,2026-04-16T09:22:35.181259
600083,其它,2026-04-16T09:22:35.178132
600087,其它,2026-04-16T09:22:35.182078
600091,其它,2026-04-16T09:22:35.186913
600092,其它,2026-04-16T09:22:35.187835
600093,其它,2026-04-16T09:22:35.188857
600084,其它,2026-04-16T09:22:35.189084
600107,其它,2026-04-16T09:22:35.206229
600090,其它,2026-04-16T09:22:35.185876
600112,其它,2026-04-16T09:22:35.211577
600119,其它,2026-04-16T09:22:35.220867
600122,其它,2026-04-16T09:22:35.224474
600136,其它,2026-04-16T09:22:35.239335
600139,其它,2026-04-16T09:22:35.244784
600146,其它,2026-04-16T09:22:35.246632
600165,其它,2026-04-16T09:22:35.282751
600169,其它,2026-04-16T09:22:35.287259
600175,其它,2026-04-16T09:22:35.294050
600180,其它,2026-04-16T09:22:35.298904
600181,其它,2026-04-16T09:22:35.299663
600187,其它,2026-04-16T09:22:35.304289
600213,其它,2026-04-16T09:22:35.327858
600220,其它,2026-04-16T09:22:35.332384
600209,其它,2026-04-16T09:22:35.337194
600238,其它,2026-04-16T09:22:35.348256
600239,其它,2026-04-16T09:22:35.350510
600240,其它,2026-04-16T09:22:35.352290
600243,其它,2026-04-16T09:22:35.357258
600247,其它,2026-04-16T09:22:35.359711
600260,其它,2026-04-16T09:22:35.371385
600265,其它,2026-04-16T09:22:35.375090
600275,其它,2026-04-16T09:22:35.383425
600277,其它,2026-04-16T09:22:35.385186
600289,其它,2026-04-16T09:22:35.395842
600290,其它,2026-04-16T09:22:35.396444
600286,其它,2026-04-16T09:22:35.392712
600291,其它,2026-04-16T09:22:35.397171
600302,其它,2026-04-16T09:22:35.406879
600311,其它,2026-04-16T09:22:35.413512
600340,其它,2026-04-16T09:22:35.433093
600337,其它,2026-04-16T09:22:35.438004
600355,其它,2026-04-16T09:22:35.443841
600370,其它,2026-04-16T09:22:35.458867
600365,其它,2026-04-16T09:22:35.463986
600381,其它,2026-04-16T09:22:35.469849
600385,其它,2026-04-16T09:22:35.472186
600401,其它,2026-04-16T09:22:35.485209
600393,其它,2026-04-16T09:22:35.477143
600242,其它,2026-04-16T09:22:35.356174
600423,其它,2026-04-16T09:22:35.499841
600432,其它,2026-04-16T09:22:35.504266
600466,其它,2026-04-16T09:22:35.521290
600476,其它,2026-04-16T09:22:35.530356
600485,其它,2026-04-16T09:22:35.537076
600491,其它,2026-04-16T09:22:35.543226
600525,其它,2026-04-16T09:22:35.567684
600532,其它,2026-04-16T09:22:35.577272
600543,其它,2026-04-16T09:22:35.584093
600555,其它,2026-04-16T09:22:35.590003
600537,其它,2026-04-16T09:22:35.591070
600565,其它,2026-04-16T09:22:35.595454
600568,其它,2026-04-16T09:22:35.596784
600581,其它,2026-04-16T09:22:35.607666
600591,其它,2026-04-16T09:22:35.613625
600614,其它,2026-04-16T09:22:35.634881
600624,其它,2026-04-16T09:22:35.644092
600634,其它,2026-04-16T09:22:35.650840
600652,其它,2026-04-16T09:22:35.666498
600646,其它,2026-04-16T09:22:35.664509
600659,其它,2026-04-16T09:22:35.672042
600656,其它,2026-04-16T09:22:35.672842
600669,其它,2026-04-16T09:22:35.682311
600670,其它,2026-04-16T09:22:35.682979
600677,其它,2026-04-16T09:22:35.688657
600678,其它,2026-04-16T09:22:35.689498
600672,其它,2026-04-16T09:22:35.696233
600687,其它,2026-04-16T09:22:35.698422
600695,其它,2026-04-16T09:22:35.706393
600701,其它,2026-04-16T09:22:35.712546
600700,其它,2026-04-16T09:22:35.710492
600709,其它,2026-04-16T09:22:35.720426
600730,其它,2026-04-16T09:22:35.741662
600735,其它,2026-04-16T09:22:35.746017
600734,其它,2026-04-16T09:22:35.744168
600747,其它,2026-04-16T09:22:35.757065
600745,其它,2026-04-16T09:22:35.759468
600752,其它,2026-04-16T09:22:35.763852
600753,其它,2026-04-16T09:22:35.764408
600759,其它,2026-04-16T09:22:35.767999
600762,其它,2026-04-16T09:22:35.771572
600767,其它,2026-04-16T09:22:35.775053
600781,其它,2026-04-16T09:22:35.787004
600788,其它,2026-04-16T09:22:35.791382
600799,其它,2026-04-16T09:22:35.801073
600806,其它,2026-04-16T09:22:35.808715
600811,其它,2026-04-16T09:22:35.814062
600813,其它,2026-04-16T09:22:35.815017
600818,其它,2026-04-16T09:22:35.821347
600836,其它,2026-04-16T09:22:35.837874
600772,其它,2026-04-16T09:22:35.782272
600849,其它,2026-04-16T09:22:35.848328
600856,其它,2026-04-16T09:22:35.855268
600823,其它,2026-04-16T09:22:35.849012
600870,其它,2026-04-16T09:22:35.868107
600878,其它,2026-04-16T09:22:35.873255
600889,其它,2026-04-16T09:22:35.883434
600890,其它,2026-04-16T09:22:35.884054
600891,其它,2026-04-16T09:22:35.884457
600680,其它,2026-04-16T09:22:35.691808
600896,其它,2026-04-16T09:22:35.888647
600899,其它,2026-04-16T09:22:35.890585
600898,其它,2026-04-16T09:22:35.890000
600930,其它,2026-04-16T09:22:35.904408
600852,其它,2026-04-16T09:22:35.851546
600965,其它,2026-04-16T09:22:35.912442
600978,其它,2026-04-16T09:22:35.921612
601010,其它,2026-04-16T09:22:35.951145
601033,其它,2026-04-16T09:22:35.957865
601096,其它,2026-04-16T09:22:35.971641
601083,其它,2026-04-16T09:22:35.967010
601268,其它,2026-04-16T09:22:36.013797
601258,其它,2026-04-16T09:22:36.015853
601558,其它,2026-04-16T09:22:36.041420
601718,其它,2026-04-16T09:22:36.077361
603004,其它,2026-04-16T09:22:36.151769
603008,其它,2026-04-16T09:22:36.155811
603014,其它,2026-04-16T09:22:36.160925
603021,其它,2026-04-16T09:22:36.176631
603049,其它,2026-04-16T09:22:36.199814
603062,其它,2026-04-16T09:22:36.210763
603072,其它,2026-04-16T09:22:36.220655
603091,其它,2026-04-16T09:22:36.239241
603107,其它,2026-04-16T09:22:36.254920
603124,其它,2026-04-16T09:22:36.267912
603082,其它,2026-04-16T09:22:36.230721
603120,其它,2026-04-16T09:22:36.265690
603157,其它,2026-04-16T09:22:36.293725
603189,其它,2026-04-16T09:22:36.321681
603194,其它,2026-04-16T09:22:36.329505
603202,其它,2026-04-16T09:22:36.334881
603205,其它,2026-04-16T09:22:36.336523
603210,其它,2026-04-16T09:22:36.342090
603207,其它,2026-04-16T09:22:36.342553
603231,其它,2026-04-16T09:22:36.359293
603257,其它,2026-04-16T09:22:36.367919
603262,其它,2026-04-16T09:22:36.372004
603271,其它,2026-04-16T09:22:36.376857
603272,其它,2026-04-16T09:22:36.377593
603273,其它,2026-04-16T09:22:36.378310
603285,其它,2026-04-16T09:22:36.388181
603312,其它,2026-04-16T09:22:36.405656
603310,其它,2026-04-16T09:22:36.407109
603325,其它,2026-04-16T09:22:36.418274
603341,其它,2026-04-16T09:22:36.432586
603344,其它,2026-04-16T09:22:36.433438
603350,其它,2026-04-16T09:22:36.435844
603359,其它,2026-04-16T09:22:36.443403
603373,其它,2026-04-16T09:22:36.451617
603375,其它,2026-04-16T09:22:36.452351
603378,其它,2026-04-16T09:22:36.453225
603381,其它,2026-04-16T09:22:36.457613
603377,其它,2026-04-16T09:22:36.452712
603382,其它,2026-04-16T09:22:36.458620
603388,其它,2026-04-16T09:22:36.461603
603391,其它,2026-04-16T09:22:36.463187
603398,其它,2026-04-16T09:22:36.466693
603395,其它,2026-04-16T09:22:36.464839
603429,其它,2026-04-16T09:22:36.473702
603409,其它,2026-04-16T09:22:36.471731
603406,其它,2026-04-16T09:22:36.490854
603517,其它,2026-04-16T09:22:36.495592
603400,其它,2026-04-16T09:22:36.468708
603557,其它,2026-04-16T09:22:36.513912
603555,其它,2026-04-16T09:22:36.522805
603595,其它,2026-04-16T09:22:36.548833
603718,其它,2026-04-16T09:22:36.672452
603729,其它,2026-04-16T09:22:36.680351
603789,其它,2026-04-16T09:22:36.702116
603825,其它,2026-04-16T09:22:36.721954
603828,其它,2026-04-16T09:22:36.723491
603838,其它,2026-04-16T09:22:36.728830
603843,其它,2026-04-16T09:22:36.730009
603869,其它,2026-04-16T09:22:36.740032
603822,其它,2026-04-16T09:22:36.723582
603922,其它,2026-04-16T09:22:36.776446
603959,其它,2026-04-16T09:22:36.791288
603963,其它,2026-04-16T09:22:36.792793
603996,其它,2026-04-16T09:22:36.811394
605199,其它,2026-04-16T09:22:36.873426
605336,其它,2026-04-16T09:22:36.892028
600145,其它,2026-04-16T09:22:35.244446
000047,其它,2026-06-26T09:25:13.764243
000405,其它,2026-06-26T09:25:14.961873
000583,其它,2026-06-26T09:25:17.185467
000621,其它,2026-06-26T09:25:17.589115
000653,其它,2026-06-26T09:25:17.974664
000658,其它,2026-06-26T09:25:17.999559
000660,其它,2026-06-26T09:25:18.020859
000675,其它,2026-06-26T09:25:18.219140
000689,其它,2026-06-26T09:25:18.536107
000699,其它,2026-06-26T09:25:18.586456
000730,其它,2026-06-26T09:25:19.109168
000765,其它,2026-06-26T09:25:19.447998
000769,其它,2026-06-26T09:25:19.517373
000780,其它,2026-06-26T09:25:19.578577
000787,国产软件,2026-06-26T09:25:19.706756
000805,其它,2026-06-26T09:25:20.121899
000827,其它,2026-06-26T09:25:20.389993
000832,其它,2026-06-26T09:25:20.519828
000535,其它,2026-06-26T09:37:05.756723
000412,其它,2026-06-26T09:37:05.756556
688548,存储芯片,2026-06-29T15:43:23.968139
688198,眼科医疗,2026-06-29T15:43:24.304554
688233,存储芯片,2026-06-29T15:43:24.599944
301528,专精特新,2026-06-29T15:43:24.884249
301307,芯片概念,2026-06-29T15:43:25.172296
688432,中芯国际概念,2026-06-29T15:43:25.479178
688796,科创次新股,2026-06-29T15:43:25.729198
688336,重组蛋白,2026-06-29T15:43:25.987135
301033,牙科医疗,2026-06-29T15:43:26.259140
301520,仿制药一致性评价,2026-06-29T15:43:26.526925
000014,物业管理,2026-07-14T17:23:27.359808
000001,高股息精选,2026-07-14T17:23:27.365283
000004,其它,2026-07-14T17:23:27.360255
000006,深圳国企改革,2026-07-14T17:23:27.376873
000011,深圳国企改革,2026-07-14T17:23:27.388037
000009,石墨电极,2026-07-14T17:23:27.409391
000012,特斯拉概念,2026-07-14T17:23:27.409732
000007,粤港澳大湾区,2026-07-14T17:23:27.394321
000002,租售同权,2026-07-14T17:23:27.393812
000008,职业教育,2026-07-14T17:23:27.403584
000017,两轮车,2026-07-14T17:23:27.540657
000024,其它,2026-07-14T17:23:27.551780
000019,粮食概念,2026-07-14T17:23:27.572105
000026,减速器,2026-07-14T17:23:27.572262
000025,物业管理,2026-07-14T17:23:27.580619
000020,物业管理,2026-07-14T17:23:27.580674
000027,超超临界发电,2026-07-14T17:23:27.593347
000028,医药电商,2026-07-14T17:23:27.612737
000029,深圳国企改革,2026-07-14T17:23:27.609430
000021,存储芯片,2026-07-14T17:23:27.612722
000031,物业管理,2026-07-14T17:23:27.709552
000030,飞行汽车(eVTOL),2026-07-14T17:23:27.746964
000045,粤港澳大湾区,2026-07-14T17:23:27.758464
000036,盐湖提锂,2026-07-14T17:23:27.784479
000035,碳交易,2026-07-14T17:23:27.789994
000032,中芯国际概念,2026-07-14T17:23:27.790238
000039,风电,2026-07-14T17:23:27.819042
000034,算力租赁,2026-07-14T17:23:27.804698
000037,固废处理,2026-07-14T17:23:27.790198
000042,物业管理,2026-07-14T17:23:27.804971
000048,养鸡,2026-07-14T17:23:27.929011
000049,钠离子电池,2026-07-14T17:23:27.955377
000050,电子纸,2026-07-14T17:23:27.989396
000058,物业管理,2026-07-14T17:23:28.010270
000059,煤化工概念,2026-07-14T17:23:28.013274
000055,装配式建筑,2026-07-14T17:23:28.021692
000062,华为海思概念股,2026-07-14T17:23:28.031280
000063,光纤概念,2026-07-14T17:23:28.055269
000060,金属锌,2026-07-14T17:23:28.055253
000061,农村电商,2026-07-14T17:23:28.021981
000065,超超临界发电,2026-07-14T17:23:28.118317
000066,东数西算(算力),2026-07-14T17:23:28.161272
000068,PPP概念,2026-07-14T17:23:28.187225
000088,航运概念,2026-07-14T17:23:28.215176
000069,物业管理,2026-07-14T17:23:28.218250
000096,国企改革,2026-07-14T17:23:28.231033
000090,租售同权,2026-07-14T17:23:28.235693
000089,证金持股,2026-07-14T17:23:28.235888
000099,旅游概念,2026-07-14T17:23:28.257046
000070,光纤概念,2026-07-14T17:23:28.250291
000100,MicroLED概念,2026-07-14T17:23:28.308727
000151,固废处理,2026-07-14T17:23:28.356104
000153,维生素,2026-07-14T17:23:28.365484
000155,盐湖提锂,2026-07-14T17:23:28.398442
000159,新疆振兴,2026-07-14T17:23:28.416404
000156,短剧游戏,2026-07-14T17:23:28.423592
000166,期货概念,2026-07-14T17:23:28.472486
000301,环氧丙烷,2026-07-14T17:23:28.472982
000158,华为盘古,2026-07-14T17:23:28.498351
000157,农机,2026-07-14T17:23:28.492970
000333,超级品牌,2026-07-14T17:23:28.502617
000400,电力物联网,2026-07-14T17:23:28.592960
000338,汽车电子,2026-07-14T17:23:28.616272
000401,水泥概念,2026-07-14T17:23:28.617160
000406,其它,2026-07-14T17:23:28.648350
000403,肝炎概念,2026-07-14T17:23:28.663541
000402,特色小镇,2026-07-14T17:23:28.687559
000407,页岩气,2026-07-14T17:23:28.699815
000404,家用电器,2026-07-14T17:23:28.701174
000408,金属铜,2026-07-14T17:23:28.701346
000409,华为盘古,2026-07-14T17:23:28.712707
000415,参股保险,2026-07-14T17:23:28.777584
000410,职业教育,2026-07-14T17:23:28.792016
000411,医药电商,2026-07-14T17:23:28.802839
000418,其它,2026-07-14T17:23:28.823355
000417,互联网金融,2026-07-14T17:23:28.836709
000419,物业管理,2026-07-14T17:23:28.869646
000420,碳纤维,2026-07-14T17:23:28.877686
000422,化肥,2026-07-14T17:23:28.915018
000421,天然气,2026-07-14T17:23:28.917447
000423,超级品牌,2026-07-14T17:23:28.917776
000428,预制菜,2026-07-14T17:23:28.947966
000425,同花顺出海50,2026-07-14T17:23:28.949072
000426,金属铅,2026-07-14T17:23:28.979310
000429,高股息精选,2026-07-14T17:23:28.979439
000430,旅游概念,2026-07-14T17:23:28.997254
000501,免税店,2026-07-14T17:23:29.054016
000498,高股息精选,2026-07-14T17:23:29.093218
000505,粮食概念,2026-07-14T17:23:29.093312
000504,细胞免疫治疗,2026-07-14T17:23:29.116171
000503,家庭医生,2026-07-14T17:23:29.118381
000507,绿色电力,2026-07-14T17:23:29.136865
000506,黄金概念,2026-07-14T17:23:29.125441
000509,工业母机,2026-07-14T17:23:29.148757
000508,其它,2026-07-14T17:23:29.158109
000510,金属铜,2026-07-14T17:23:29.182990
000513,生物疫苗,2026-07-14T17:23:29.239572
000515,其它,2026-07-14T17:23:29.291733
000514,物业管理,2026-07-14T17:23:29.296384
000516,高压氧舱,2026-07-14T17:23:29.319935
000517,物业管理,2026-07-14T17:23:29.335085
000519,培育钻石,2026-07-14T17:23:29.335161
000521,高股息精选,2026-07-14T17:23:29.352304
000522,其它,2026-07-14T17:23:29.355352
000518,医疗器械概念,2026-07-14T17:23:29.343715
000520,统一大市场,2026-07-14T17:23:29.335336
000523,广东自贸区,2026-07-14T17:23:29.453593
000525,草甘膦,2026-07-14T17:23:29.479378
000524,免税店,2026-07-14T17:23:29.519271
000527,其它,2026-07-14T17:23:29.524610
000529,预制菜,2026-07-14T17:23:29.533946
000526,在线教育,2026-07-14T17:23:29.554259
000530,无人零售,2026-07-14T17:23:29.577538
000532,石墨烯,2026-07-14T17:23:29.578905
000528,雅下水电概念,2026-07-14T17:23:29.571739
000531,绿色电力,2026-07-14T17:23:29.578892
000534,航空发动机,2026-07-14T17:23:29.635109
000533,百度概念,2026-07-14T17:23:29.668051
000536,新能源汽车,2026-07-14T17:23:29.737179
000537,绿色电力,2026-07-14T17:23:29.737245
000542,其它,2026-07-14T17:23:29.754849
000538,超级品牌,2026-07-14T17:23:29.762364
000544,PPP概念,2026-07-14T17:23:29.774404
000543,超超临界发电,2026-07-14T17:23:29.793025
000545,钛白粉概念,2026-07-14T17:23:29.806923
000541,参股银行,2026-07-14T17:23:29.807006
000539,超超临界发电,2026-07-14T17:23:29.828233
000546,盐湖提锂,2026-07-14T17:23:29.858707
000548,乡村振兴,2026-07-14T17:23:29.911881
000547,军工信息化,2026-07-14T17:23:29.970946
000549,其它,2026-07-14T17:23:29.979690
000550,国企改革,2026-07-14T17:23:29.980066
000553,草甘膦,2026-07-14T17:23:29.984947
000554,俄乌冲突概念,2026-07-14T17:23:30.011238
000552,煤炭概念,2026-07-14T17:23:30.011259
000551,PM2.5,2026-07-14T17:23:30.020488
000557,统一大市场,2026-07-14T17:23:30.052027
000555,网络安全,2026-07-14T17:23:30.052046
000558,冰雪产业,2026-07-14T17:23:30.115348
000562,其它,2026-07-14T17:23:30.172134
000561,军民融合,2026-07-14T17:23:30.180235
000560,租售同权,2026-07-14T17:23:30.202999
000559,人形机器人,2026-07-14T17:23:30.205991
000567,化债概念(AMC概念),2026-07-14T17:23:30.211124
000564,物业管理,2026-07-14T17:23:30.226409
000565,西部大开发,2026-07-14T17:23:30.226829
000563,信托概念,2026-07-14T17:23:30.240660
000566,猴痘概念,2026-07-14T17:23:30.240855
000568,白酒概念,2026-07-14T17:23:30.337599
000569,其它,2026-07-14T17:23:30.373250
000571,海南自贸区,2026-07-14T17:23:30.385110
000578,其它,2026-07-14T17:23:30.400062
000570,乡村振兴,2026-07-14T17:23:30.422672
000576,军工信息化,2026-07-14T17:23:30.446973
000573,广东自贸区,2026-07-14T17:23:30.453935
000582,自由贸易港,2026-07-14T17:23:30.461040
000572,海南自贸区,2026-07-14T17:23:30.447205
000581,参股券商,2026-07-14T17:23:30.466942
000584,理想汽车概念,2026-07-14T17:23:30.522181
000586,光纤概念,2026-07-14T17:23:30.552997
000590,流感,2026-07-14T17:23:30.583474
000589,参股银行,2026-07-14T17:23:30.583680
000591,虚拟电厂,2026-07-14T17:23:30.614230
000592,福建自贸区,2026-07-14T17:23:30.659592
000597,仿制药一致性评价,2026-07-14T17:23:30.665291
000595,风电,2026-07-14T17:23:30.667307
000593,青蒿素,2026-07-14T17:23:30.671329
000596,白酒概念,2026-07-14T17:23:30.671659
000598,证金持股,2026-07-14T17:23:30.716644
000599,一带一路,2026-07-14T17:23:30.736113
000600,超超临界发电,2026-07-14T17:23:30.765678
000601,抽水蓄能,2026-07-14T17:23:30.772481
000602,其它,2026-07-14T17:23:30.802001
000607,NFT概念,2026-07-14T17:23:30.846459
000608,租售同权,2026-07-14T17:23:30.847012
000605,污水处理,2026-07-14T17:23:30.865936
000612,稀土永磁,2026-07-14T17:23:30.866097
000603,金属铅,2026-07-14T17:23:30.876467
000617,信托概念,2026-07-14T17:23:30.885457
000618,其它,2026-07-14T17:23:30.913436
000620,短剧游戏,2026-07-14T17:23:30.953567
000622,其它,2026-07-14T17:23:30.970984
000623,参股券商,2026-07-14T17:23:31.021199
000625,证金持股,2026-07-14T17:23:31.044896
000626,粮食概念,2026-07-14T17:23:31.055589
000629,小金属概念,2026-07-14T17:23:31.055769
000628,汽车芯片,2026-07-14T17:23:31.065332
000619,建筑节能,2026-07-14T17:23:31.044881
000631,物业管理,2026-07-14T17:23:31.085850
000630,金属铜,2026-07-14T17:23:31.100676
000633,西部大开发,2026-07-14T17:23:31.142378
000635,消毒剂,2026-07-14T17:23:31.151674
000636,超级电容,2026-07-14T17:23:31.209887
000651,超级品牌,2026-07-14T17:23:31.247528
000650,医药电商,2026-07-14T17:23:31.254466
000637,碳中和,2026-07-14T17:23:31.262753
000656,托育服务,2026-07-14T17:23:31.262767
000657,PCB概念,2026-07-14T17:23:31.274480
000655,金属铜,2026-07-14T17:23:31.287257
000659,啤酒概念,2026-07-14T17:23:31.297276
000661,生物疫苗,2026-07-14T17:23:31.340374
000652,信托概念,2026-07-14T17:23:31.341205
000663,乡村振兴,2026-07-14T17:23:31.390007
000666,其它,2026-07-14T17:23:31.439885
000665,在线教育,2026-07-14T17:23:31.496646
000668,物业管理,2026-07-14T17:23:31.507424
000678,减速器,2026-07-14T17:23:31.507363
000670,存储芯片,2026-07-14T17:23:31.513436
000676,NFT概念,2026-07-14T17:23:31.532365
000679,跨境电商,2026-07-14T17:23:31.538242
000680,中俄贸易概念,2026-07-14T17:23:31.537898
000672,储能,2026-07-14T17:23:31.513392
000681,快手概念,2026-07-14T17:23:31.621944
000682,电力物联网,2026-07-14T17:23:31.640300
000695,石墨电极,2026-07-14T17:23:31.703071
000683,化肥,2026-07-14T17:23:31.717821
000690,超超临界发电,2026-07-14T17:23:31.741334
000688,金属铅,2026-07-14T17:23:31.745175
000692,风电,2026-07-14T17:23:31.749855
000685,参股券商,2026-07-14T17:23:31.757204
000686,期货概念,2026-07-14T17:23:31.749885
000691,西部大开发,2026-07-14T17:23:31.741314
000697,航空发动机,2026-07-14T17:23:31.790125
000700,人形机器人,2026-07-14T17:23:31.819278
000701,物联网,2026-07-14T17:23:31.870977
000702,猪肉,2026-07-14T17:23:31.907818
000707,化肥,2026-07-14T17:23:31.931175
000709,特钢概念,2026-07-14T17:23:31.949936
000710,基因测序,2026-07-14T17:23:31.967975
000703,可降解塑料,2026-07-14T17:23:31.983108
000712,期货概念,2026-07-14T17:23:31.983056
000713,玉米,2026-07-14T17:23:31.990410
000708,特钢概念,2026-07-14T17:23:31.989189
000705,流感,2026-07-14T17:23:31.989151
000715,IP经济(谷子经济),2026-07-14T17:23:32.043584
000716,粮食概念,2026-07-14T17:23:32.090000
000717,特钢概念,2026-07-14T17:23:32.105510
000719,NFT概念,2026-07-14T17:23:32.137060
000721,预制菜,2026-07-14T17:23:32.169795
000722,碳交易,2026-07-14T17:23:32.175088
000718,牙科医疗,2026-07-14T17:23:32.174849
000720,央企国企改革,2026-07-14T17:23:32.202834
000725,电子纸,2026-07-14T17:23:32.202919
000726,证金持股,2026-07-14T17:23:32.224930
000723,煤炭概念,2026-07-14T17:23:32.202629
000727,信创,2026-07-14T17:23:32.273938
000728,证金持股,2026-07-14T17:23:32.294840
000729,啤酒概念,2026-07-14T17:23:32.340327
000731,化肥,2026-07-14T17:23:32.373966
000733,超级电容,2026-07-14T17:23:32.383115
000736,物业管理,2026-07-14T17:23:32.389930
000737,黄金概念,2026-07-14T17:23:32.394723
000735,海南自贸区,2026-07-14T17:23:32.401129
000738,国产航母,2026-07-14T17:23:32.431508
000739,流感,2026-07-14T17:23:32.433231
000748,其它,2026-07-14T17:23:32.447298
000750,期货概念,2026-07-14T17:23:32.475168
000751,金属锌,2026-07-14T17:23:32.521078
000756,流感,2026-07-14T17:23:32.577049
000755,绿色电力,2026-07-14T17:23:32.577243
000757,西部大开发,2026-07-14T17:23:32.584832
000753,装配式建筑,2026-07-14T17:23:32.594518
000758,金属锌,2026-07-14T17:23:32.607767
000761,特钢概念,2026-07-14T17:23:32.630417
000759,免税店,2026-07-14T17:23:32.639504
000762,盐湖提锂,2026-07-14T17:23:32.646934
000763,其它,2026-07-14T17:23:32.639634
000766,工业大麻,2026-07-14T17:23:32.690859
000767,超超临界发电,2026-07-14T17:23:32.766126
000785,免税店,2026-07-14T17:23:32.790762
000776,期货概念,2026-07-14T17:23:32.797957
000778,地下管网,2026-07-14T17:23:32.798029
000768,国产航母,2026-07-14T17:23:32.805346
000782,军工,2026-07-14T17:23:32.826867
000779,新型城镇化,2026-07-14T17:23:32.827231
000777,高端装备,2026-07-14T17:23:32.827201
000783,期货概念,2026-07-14T17:23:32.884916
000786,装配式建筑,2026-07-14T17:23:32.891894
000788,仿制药一致性评价,2026-07-14T17:23:32.990206
000789,水泥概念,2026-07-14T17:23:33.041830
000790,流感,2026-07-14T17:23:33.067312
000792,盐湖提锂,2026-07-14T17:23:33.073432
000795,稀土永磁,2026-07-14T17:23:33.112455
000791,超超临界发电,2026-07-14T17:23:33.112771
000797,物业管理,2026-07-14T17:23:33.112791
000798,预制菜,2026-07-14T17:23:33.081056
000796,旅游概念,2026-07-14T17:23:33.089953
000799,白酒概念,2026-07-14T17:23:33.096959
000800,国企改革,2026-07-14T17:23:33.179565
000801,军民融合,2026-07-14T17:23:33.237393
000803,固废处理,2026-07-14T17:23:33.288696
000812,民营医院,2026-07-14T17:23:33.294227
000802,文化传媒概念,2026-07-14T17:23:33.300421
000807,俄乌冲突概念,2026-07-14T17:23:33.306335
000813,NMN概念,2026-07-14T17:23:33.313991
000810,鸿蒙概念,2026-07-14T17:23:33.345635
000811,中芯国际概念,2026-07-14T17:23:33.350509
000815,算力租赁,2026-07-14T17:23:33.358731
000809,绿色电力,2026-07-14T17:23:33.350769
000816,农村电商,2026-07-14T17:23:33.419349
000817,其它,2026-07-14T17:23:33.460781
000818,算力租赁,2026-07-14T17:23:33.513123
000823,共封装光学(CPO),2026-07-14T17:23:33.538025
000828,高股息精选,2026-07-14T17:23:33.543639
000819,POE胶膜,2026-07-14T17:23:33.537395
000829,深圳国企改革,2026-07-14T17:23:33.564539
000830,化肥,2026-07-14T17:23:33.543673
000825,特钢概念,2026-07-14T17:23:33.555329
000822,钒电池,2026-07-14T17:23:33.537912
000831,稀土永磁,2026-07-14T17:23:33.604286
000833,氟化工概念,2026-07-14T17:23:33.693661
000852,页岩气,2026-07-14T17:23:33.732354
000856,建筑节能,2026-07-14T17:23:33.734124
000839,网络安全,2026-07-14T17:23:33.745923
000837,减速器,2026-07-14T17:23:33.760634
000860,白酒概念,2026-07-14T17:23:33.781019
000848,高股息精选,2026-07-14T17:23:33.745909
000859,光刻胶,2026-07-14T17:23:33.773210
000850,参股银行,2026-07-14T17:23:33.773277
000858,白酒概念,2026-07-14T17:23:33.761555
000861,小额贷款,2026-07-14T17:23:33.872709
000869,超级品牌,2026-07-14T17:23:33.932301
000868,国企改革,2026-07-14T17:23:33.945035
000862,绿色电力,2026-07-14T17:23:33.944810
000866,其它,2026-07-14T17:23:33.958333
000875,超超临界发电,2026-07-14T17:23:33.963639
000876,猪肉,2026-07-14T17:23:33.963810
000878,黄金概念,2026-07-14T17:23:33.974038
000877,水泥概念,2026-07-14T17:23:33.985507
000863,Web3.0,2026-07-14T17:23:33.985399
000880,中国AI50,2026-07-14T17:23:34.044866
000881,3D打印,2026-07-14T17:23:34.121631
000882,物业管理,2026-07-14T17:23:34.127254
000889,算力租赁,2026-07-14T17:23:34.156347
000885,生物质能发电,2026-07-14T17:23:34.159707
000890,净水概念,2026-07-14T17:23:34.164431
000883,超超临界发电,2026-07-14T17:23:34.174886
000888,冰雪产业,2026-07-14T17:23:34.188285
000887,减速器,2026-07-14T17:23:34.201799
000886,自由贸易港,2026-07-14T17:23:34.188094
000892,短剧游戏,2026-07-14T17:23:34.242327
000895,高股息精选,2026-07-14T17:23:34.297193
000893,化肥,2026-07-14T17:23:34.297403
000897,雄安新区,2026-07-14T17:23:34.336294
000899,抽水蓄能,2026-07-14T17:23:34.350291
000898,特钢概念,2026-07-14T17:23:34.351155
000900,证金持股,2026-07-14T17:23:34.358166
000901,军民融合,2026-07-14T17:23:34.435860
000902,化肥,2026-07-14T17:23:34.444169
000906,统一大市场,2026-07-14T17:23:34.476728
000905,航运概念,2026-07-14T17:23:34.477034
000910,锂电池概念,2026-07-14T17:23:34.484256
000908,消毒剂,2026-07-14T17:23:34.495150
000912,化肥,2026-07-14T17:23:34.524219
000915,高股息精选,2026-07-14T17:23:34.562130
000913,冰雪产业,2026-07-14T17:23:34.581400
000916,其它,2026-07-14T17:23:34.581750
000917,文化传媒概念,2026-07-14T17:23:34.676434
000923,金属铜,2026-07-14T17:23:34.694822
000920,盐湖提锂,2026-07-14T17:23:34.695913
000921,高股息精选,2026-07-14T17:23:34.696031
000922,核电,2026-07-14T17:23:34.694889
000919,高压氧舱,2026-07-14T17:23:34.676412
000926,装配式建筑,2026-07-14T17:23:34.734362
000925,数字水印,2026-07-14T17:23:34.734345
000928,中俄贸易概念,2026-07-14T17:23:34.757908
000927,统一大市场,2026-07-14T17:23:34.771700
000929,污水处理,2026-07-14T17:23:34.868216
000931,仿制药一致性评价,2026-07-14T17:23:34.876213
000930,玉米,2026-07-14T17:23:34.878019
000935,创投,2026-07-14T17:23:34.894897
000932,特钢概念,2026-07-14T17:23:34.889092
000933,俄乌冲突概念,2026-07-14T17:23:34.894060
000937,煤炭概念,2026-07-14T17:23:34.911960
000936,创投,2026-07-14T17:23:34.911941
000938,WiFi6,2026-07-14T17:23:34.947347
000948,区块链,2026-07-14T17:23:34.961984
000953,化肥,2026-07-14T17:23:35.062593
000949,国企改革,2026-07-14T17:23:35.086105
000950,医药电商,2026-07-14T17:23:35.086516
000951,高股息精选,2026-07-14T17:23:35.097406
000955,三胎概念,2026-07-14T17:23:35.097474
000956,其它,2026-07-14T17:23:35.103815
000952,维生素,2026-07-14T17:23:35.086561
000957,中俄贸易概念,2026-07-14T17:23:35.121834
000959,特钢概念,2026-07-14T17:23:35.142617
000958,期货概念,2026-07-14T17:23:35.168039
000960,金属锌,2026-07-14T17:23:35.242312
000966,超超临界发电,2026-07-14T17:23:35.264287
000968,俄乌冲突概念,2026-07-14T17:23:35.293230
000967,算力租赁,2026-07-14T17:23:35.301188
000963,创新药,2026-07-14T17:23:35.293217
000962,芯片概念,2026-07-14T17:23:35.301449
000965,物业管理,2026-07-14T17:23:35.321087
000969,航空发动机,2026-07-14T17:23:35.324232
000970,稀土永磁,2026-07-14T17:23:35.331470
000972,农业种植,2026-07-14T17:23:35.349947
000973,固态电池,2026-07-14T17:23:35.423101
000975,金属铅,2026-07-14T17:23:35.437142
000977,中国AI50,2026-07-14T17:23:35.512719
000983,煤炭概念,2026-07-14T17:23:35.524851
000978,旅游概念,2026-07-14T17:23:35.530809
000985,国企改革,2026-07-14T17:23:35.540909
000987,期货概念,2026-07-14T17:23:35.551383
000981,减速器,2026-07-14T17:23:35.551458
000982,其它,2026-07-14T17:23:35.524875
000980,百度概念,2026-07-14T17:23:35.530739
000989,创新药,2026-07-14T17:23:35.613485
000988,F5G概念,2026-07-14T17:23:35.655494
000990,煤化工概念,2026-07-14T17:23:35.743045
000996,互联网期货,2026-07-14T17:23:35.757110
000993,绿色电力,2026-07-14T17:23:35.759623
001201,猪肉,2026-07-14T17:23:35.767693
000999,医药电商,2026-07-14T17:23:35.773199
001202,一带一路,2026-07-14T17:23:35.785360
000995,白酒概念,2026-07-14T17:23:35.773170
000998,玉米,2026-07-14T17:23:35.758977
000997,电子身份证,2026-07-14T17:23:35.758792
001203,小金属概念,2026-07-14T17:23:35.897339
001207,特高压,2026-07-14T17:23:35.991672
001210,建筑节能,2026-07-14T17:23:35.991889
001212,芯片概念,2026-07-14T17:23:35.990897
001213,统一大市场,2026-07-14T17:23:35.996923
001209,三胎概念,2026-07-14T17:23:36.001598
001211,露营经济,2026-07-14T17:23:36.018255
001205,航运概念,2026-07-14T17:23:36.023893
001208,卫星导航,2026-07-14T17:23:36.035353
001215,三胎概念,2026-07-14T17:23:36.065150
001206,宠物经济,2026-07-14T17:23:36.098766
001222,宠物经济,2026-07-14T17:23:36.159374
001216,牙科医疗,2026-07-14T17:23:36.180104
001218,消毒剂,2026-07-14T17:23:36.193574
001223,PCB概念,2026-07-14T17:23:36.210243
001219,乳业,2026-07-14T17:23:36.210404
001217,染料,2026-07-14T17:23:36.210369
001225,一带一路,2026-07-14T17:23:36.205716
001226,专精特新,2026-07-14T17:23:36.214255
001227,高股息精选,2026-07-14T17:23:36.228414
001228,跨境电商,2026-07-14T17:23:36.319802
001230,车联网(车路协同),2026-07-14T17:23:36.351432
001229,军工信息化,2026-07-14T17:23:36.359437
001238,宠物经济,2026-07-14T17:23:36.393457
001255,水利,2026-07-14T17:23:36.409762
001236,期货概念,2026-07-14T17:23:36.415685
001258,绿色电力,2026-07-14T17:23:36.425544
001234,三胎概念,2026-07-14T17:23:36.426071
001231,乡村振兴,2026-07-14T17:23:36.409867
001256,共同富裕示范区,2026-07-14T17:23:36.393507
001259,露营经济,2026-07-14T17:23:36.499776
001260,长安汽车概念,2026-07-14T17:23:36.544293
001266,PCB概念,2026-07-14T17:23:36.575235
001267,共封装光学(CPO),2026-07-14T17:23:36.602818
001268,成飞概念,2026-07-14T17:23:36.602797
001283,钠离子电池,2026-07-14T17:23:36.623327
001269,硅能源,2026-07-14T17:23:36.614988
001282,小米汽车,2026-07-14T17:23:36.623291
001278,农机,2026-07-14T17:23:36.638874
001270,6G概念,2026-07-14T17:23:36.674503
001286,煤炭概念,2026-07-14T17:23:36.692742
001287,存储芯片,2026-07-14T17:23:36.732592
001288,华为概念,2026-07-14T17:23:36.756222
001300,足球概念,2026-07-14T17:23:36.791734
001296,西部大开发,2026-07-14T17:23:36.809986
001298,华为海思概念股,2026-07-14T17:23:36.810164
001289,抽水蓄能,2026-07-14T17:23:36.817461
001301,石墨电极,2026-07-14T17:23:36.822690
001299,天然气,2026-07-14T17:23:36.839254
001308,跨境电商,2026-07-14T17:23:36.858189
001309,存储芯片,2026-07-14T17:23:36.871738
001311,一体化压铸,2026-07-14T17:23:36.930920
001313,合成生物,2026-07-14T17:23:36.941372
001314,电子竞技,2026-07-14T17:23:36.968489
001318,乳业,2026-07-14T17:23:36.994928
001317,拼多多概念,2026-07-14T17:23:37.009572
001319,一体化压铸,2026-07-14T17:23:37.003567
001316,航空发动机,2026-07-14T17:23:37.020505
001322,养老概念,2026-07-14T17:23:37.035399
001323,高股息精选,2026-07-14T17:23:37.041416
001324,建筑节能,2026-07-14T17:23:37.092917
001330,短剧游戏,2026-07-14T17:23:37.124124
001328,超级品牌,2026-07-14T17:23:37.152141
001331,天然气,2026-07-14T17:23:37.159686
001337,黄金概念,2026-07-14T17:23:37.190364
001336,新型城镇化,2026-07-14T17:23:37.199653
001332,光热发电,2026-07-14T17:23:37.211604
001333,共同富裕示范区,2026-07-14T17:23:37.224077
001339,算力租赁,2026-07-14T17:23:37.240056
001338,啤酒概念,2026-07-14T17:23:37.245443
001360,黄金概念,2026-07-14T17:23:37.282424
001366,粤港澳大湾区,2026-07-14T17:23:37.300301
001368,露营经济,2026-07-14T17:23:37.347581
001367,仿制药一致性评价,2026-07-14T17:23:37.350141
001380,长安汽车概念,2026-07-14T17:23:37.378805
001872,高股息精选,2026-07-14T17:23:37.388005
001696,航空发动机,2026-07-14T17:23:37.423780
001373,海峡两岸,2026-07-14T17:23:37.423733
001896,抽水蓄能,2026-07-14T17:23:37.432254
001914,物业管理,2026-07-14T17:23:37.452317
001965,同花顺中特估100,2026-07-14T17:23:37.503548
001979,租售同权,2026-07-14T17:23:37.504038
002003,高股息精选,2026-07-14T17:23:37.545815
002001,青蒿素,2026-07-14T17:23:37.578275
002005,横琴新区,2026-07-14T17:23:37.604805
002004,转基因,2026-07-14T17:23:37.615202
002009,新型工业化,2026-07-14T17:23:37.775669
002007,生物疫苗,2026-07-14T17:23:37.784173
002012,储能,2026-07-14T17:23:37.791867
002011,空气能热泵,2026-07-14T17:23:37.785670
002006,人形机器人,2026-07-14T17:23:37.785624
002008,光纤概念,2026-07-14T17:23:37.785974
002014,高股息精选,2026-07-14T17:23:37.813680
002015,华为数字能源,2026-07-14T17:23:37.813869
002010,统一大市场,2026-07-14T17:23:37.785341
002013,其它,2026-07-14T17:23:37.824229
002020,创新药,2026-07-14T17:23:37.964577
002021,高端装备,2026-07-14T17:23:37.970052
002022,猴痘概念,2026-07-14T17:23:37.987501
002016,物业管理,2026-07-14T17:23:37.987471
002023,太赫兹,2026-07-14T17:23:38.013614
002027,高股息精选,2026-07-14T17:23:38.019302
002026,工业母机,2026-07-14T17:23:38.037670
002017,数字货币,2026-07-14T17:23:38.041740
002019,创新药,2026-07-14T17:23:38.018996
002025,共封装光学(CPO),2026-07-14T17:23:38.019223
002029,跨境电商,2026-07-14T17:23:38.150866
002028,抽水蓄能,2026-07-14T17:23:38.159631
002032,高股息精选,2026-07-14T17:23:38.232672
002036,华为汽车,2026-07-14T17:23:38.245013
002033,冰雪产业,2026-07-14T17:23:38.256246
002035,高股息精选,2026-07-14T17:23:38.240569
002034,生物质能发电,2026-07-14T17:23:38.250334
002031,减速器,2026-07-14T17:23:38.268976
002030,猴痘概念,2026-07-14T17:23:38.273440
002037,土壤修复,2026-07-14T17:23:38.263074
002039,绿色电力,2026-07-14T17:23:38.352852
002038,仿制药一致性评价,2026-07-14T17:23:38.365871
002046,培育钻石,2026-07-14T17:23:38.445507
002043,共同富裕示范区,2026-07-14T17:23:38.461821
002041,转基因,2026-07-14T17:23:38.462264
002044,家庭医生,2026-07-14T17:23:38.472623
002045,NFT概念,2026-07-14T17:23:38.489083
002047,光伏建筑一体化,2026-07-14T17:23:38.496017
002042,算力租赁,2026-07-14T17:23:38.489006
002040,航运概念,2026-07-14T17:23:38.462904
002048,减速器,2026-07-14T17:23:38.529708
002049,汽车芯片,2026-07-14T17:23:38.550569
002057,稀土永磁,2026-07-14T17:23:38.678679
002053,超超临界发电,2026-07-14T17:23:38.684855
002052,物联网,2026-07-14T17:23:38.703394
002051,水利,2026-07-14T17:23:38.703379
002056,BC电池,2026-07-14T17:23:38.718990
002060,抽水蓄能,2026-07-14T17:23:38.733430
002058,创投,2026-07-14T17:23:38.724778
002054,创投,2026-07-14T17:23:38.684726
002050,人形机器人,2026-07-14T17:23:38.678657
002059,旅游概念,2026-07-14T17:23:38.724723
002064,可降解塑料,2026-07-14T17:23:38.897517
002062,新型城镇化,2026-07-14T17:23:38.909550
002061,国企改革,2026-07-14T17:23:38.912041
002069,预制菜,2026-07-14T17:23:38.919124
002066,核电,2026-07-14T17:23:38.923527
002067,数字孪生,2026-07-14T17:23:38.939509
002068,PVDF概念,2026-07-14T17:23:38.939655
002072,煤炭概念,2026-07-14T17:23:38.992669
002065,DRG/DIP,2026-07-14T17:23:39.013439
002063,财税数字化,2026-07-14T17:23:39.017094
002073,参股银行,2026-07-14T17:23:39.145244
002076,宁德时代概念,2026-07-14T17:23:39.184515
002081,新型城镇化,2026-07-14T17:23:39.190020
002077,汽车芯片,2026-07-14T17:23:39.205965
002074,钠离子电池,2026-07-14T17:23:39.215203
002075,特钢概念,2026-07-14T17:23:39.236375
002080,PCB概念,2026-07-14T17:23:39.236664
002079,BC电池,2026-07-14T17:23:39.246290
002083,氟化工概念,2026-07-14T17:23:39.243015
002078,代糖概念,2026-07-14T17:23:39.231775
002084,空气能热泵,2026-07-14T17:23:39.335984
002086,预制菜,2026-07-14T17:23:39.364703
002085,两轮车,2026-07-14T17:23:39.380339
002089,其它,2026-07-14T17:23:39.413352
002087,其它,2026-07-14T17:23:39.413372
002088,可燃冰,2026-07-14T17:23:39.421349
002091,参股保险,2026-07-14T17:23:39.438348
002090,电力物联网,2026-07-14T17:23:39.457352
002093,数据要素,2026-07-14T17:23:39.457412
002092,煤化工概念,2026-07-14T17:23:39.457433
002094,化债概念(AMC概念),2026-07-14T17:23:39.501401
002095,互联网金融,2026-07-14T17:23:39.548963
002096,民爆概念,2026-07-14T17:23:39.554218
002098,网红经济,2026-07-14T17:23:39.576215
002099,生物疫苗,2026-07-14T17:23:39.584048
002097,农机,2026-07-14T17:23:39.604944
002100,猪肉,2026-07-14T17:23:39.616025
002103,IP经济(谷子经济),2026-07-14T17:23:39.638545
002101,农机,2026-07-14T17:23:39.652898
002105,体育产业,2026-07-14T17:23:39.691643
002104,数字货币,2026-07-14T17:23:39.694535
002106,电子纸,2026-07-14T17:23:39.714529
002107,医药电商,2026-07-14T17:23:39.722656
002110,特钢概念,2026-07-14T17:23:39.728584
002108,钠离子电池,2026-07-14T17:23:39.751965
002112,智能电网,2026-07-14T17:23:39.802234
002111,大飞机,2026-07-14T17:23:39.808542
002114,金属锌,2026-07-14T17:23:39.817313
002117,Web3.0,2026-07-14T17:23:39.873218
002116,装配式建筑,2026-07-14T17:23:39.886248
002115,智慧灯杆,2026-07-14T17:23:39.886625
002119,存储芯片,2026-07-14T17:23:39.893710
002121,电力物联网,2026-07-14T17:23:39.900023
002120,冷链物流,2026-07-14T17:23:39.920444
002123,云办公,2026-07-14T17:23:39.933411
002126,液冷服务器,2026-07-14T17:23:39.981192
002124,猪肉,2026-07-14T17:23:39.986399
002125,小金属概念,2026-07-14T17:23:39.996120
002127,网红经济,2026-07-14T17:23:40.072069
002128,煤炭概念,2026-07-14T17:23:40.072393
002129,BC电池,2026-07-14T17:23:40.105496
002130,海峡两岸,2026-07-14T17:23:40.120611
002131,快手概念,2026-07-14T17:23:40.120870
002132,硅能源,2026-07-14T17:23:40.136507
002133,物业管理,2026-07-14T17:23:40.171567
002136,钛白粉概念,2026-07-14T17:23:40.171874
002134,PCB概念,2026-07-14T17:23:40.183921
002135,低空经济,2026-07-14T17:23:40.183941
002138,PCB概念,2026-07-14T17:23:40.277789
002137,先进封装,2026-07-14T17:23:40.320318
002142,证金持股,2026-07-14T17:23:40.366594
002139,人形机器人,2026-07-14T17:23:40.378380
002145,钛白粉概念,2026-07-14T17:23:40.406969
002144,共同富裕示范区,2026-07-14T17:23:40.406620
002141,动物疫苗,2026-07-14T17:23:40.406392
002140,煤化工概念,2026-07-14T17:23:40.373010
002148,车联网(车路协同),2026-07-14T17:23:40.391855
002146,特色小镇,2026-07-14T17:23:40.430624
002149,航空发动机,2026-07-14T17:23:40.466904
002152,数字货币,2026-07-14T17:23:40.574057
002150,储能,2026-07-14T17:23:40.609129
002155,金属铅,2026-07-14T17:23:40.609061
002158,第三代半导体,2026-07-14T17:23:40.623957
002153,区块链,2026-07-14T17:23:40.625138
002154,C2M概念,2026-07-14T17:23:40.640284
002151,卫星导航,2026-07-14T17:23:40.640399
002159,冰雪产业,2026-07-14T17:23:40.650988
002157,猪肉,2026-07-14T17:23:40.644924
002156,国家大基金持股,2026-07-14T17:23:40.640520
002161,电子身份证,2026-07-14T17:23:40.799473
002160,金属回收,2026-07-14T17:23:40.805966
002164,减速器,2026-07-14T17:23:40.812610
002167,稀土永磁,2026-07-14T17:23:40.835765
002165,环氧丙烷,2026-07-14T17:23:40.843568
002170,化肥,2026-07-14T17:23:40.843751
002162,三胎概念,2026-07-14T17:23:40.856893
002169,芯片概念,2026-07-14T17:23:40.863189
002166,禽流感,2026-07-14T17:23:40.876535
002163,海南自贸区,2026-07-14T17:23:40.886631
002172,民营医院,2026-07-14T17:23:40.998673
002171,培育钻石,2026-07-14T17:23:41.005781
002173,高压氧舱,2026-07-14T17:23:41.013235
002174,手机游戏,2026-07-14T17:23:41.021870
002176,小金属概念,2026-07-14T17:23:41.043607
002177,互联网金融,2026-07-14T17:23:41.063187
002181,足球概念,2026-07-14T17:23:41.092465
002180,高端装备,2026-07-14T17:23:41.092592
002178,智慧政务,2026-07-14T17:23:41.092813
002179,铜缆高速连接,2026-07-14T17:23:41.089535
002182,小金属概念,2026-07-14T17:23:41.199769
002183,卫星导航,2026-07-14T17:23:41.220145
002185,国家大基金持股,2026-07-14T17:23:41.223623
002184,新型工业化,2026-07-14T17:23:41.233597
002187,免税店,2026-07-14T17:23:41.262179
002186,网红经济,2026-07-14T17:23:41.294166
002188,物业管理,2026-07-14T17:23:41.306735
002191,IP经济(谷子经济),2026-07-14T17:23:41.306762
002190,成飞概念,2026-07-14T17:23:41.309665
002189,3D打印,2026-07-14T17:23:41.319331
002192,锂电池概念,2026-07-14T17:23:41.369820
002195,AI语料,2026-07-14T17:23:41.412457
002194,6G概念,2026-07-14T17:23:41.422039
002196,人形机器人,2026-07-14T17:23:41.429514
002197,云计算,2026-07-14T17:23:41.449467
002203,PET铜箔,2026-07-14T17:23:41.483580
002200,特色小镇,2026-07-14T17:23:41.488556
002202,商业航天,2026-07-14T17:23:41.508537
002201,商业航天,2026-07-14T17:23:41.514615
002204,国企改革,2026-07-14T17:23:41.525152
002205,装配式建筑,2026-07-14T17:23:41.559591
002206,中俄贸易概念,2026-07-14T17:23:41.640189
002208,独角兽概念,2026-07-14T17:23:41.653666
002209,工业互联网,2026-07-14T17:23:41.653808
002210,生物质能发电,2026-07-14T17:23:41.653933
002212,数据安全,2026-07-14T17:23:41.674958
002213,存储芯片,2026-07-14T17:23:41.686346
002215,草甘膦,2026-07-14T17:23:41.687336
002216,超级品牌,2026-07-14T17:23:41.694462
002218,光伏建筑一体化,2026-07-14T17:23:41.747014
002219,民营医院,2026-07-14T17:23:41.835556
002224,工业大麻,2026-07-14T17:23:41.857236
002221,俄乌冲突概念,2026-07-14T17:23:41.862763
002225,中俄贸易概念,2026-07-14T17:23:41.881173
002223,眼科医疗,2026-07-14T17:23:41.862877
002229,算力租赁,2026-07-14T17:23:41.896205
002226,新疆振兴,2026-07-14T17:23:41.895126
002228,福建自贸区,2026-07-14T17:23:41.876131
002222,光纤概念,2026-07-14T17:23:41.876207
002230,AI语料,2026-07-14T17:23:41.942361
002232,智慧政务,2026-07-14T17:23:42.016735
002234,养鸡,2026-07-14T17:23:42.091437
002236,物联网,2026-07-14T17:23:42.111046
002235,Web3.0,2026-07-14T17:23:42.121115
002240,盐湖提锂,2026-07-14T17:23:42.133522
002233,高股息精选,2026-07-14T17:23:42.091478
002239,国企改革,2026-07-14T17:23:42.138745
002241,同花顺果指数,2026-07-14T17:23:42.171976
002238,文化传媒概念,2026-07-14T17:23:42.145177
002237,金属铅,2026-07-14T17:23:42.133611
002242,净水概念,2026-07-14T17:23:42.214908
002247,共同富裕示范区,2026-07-14T17:23:42.336605
002243,脑机接口,2026-07-14T17:23:42.351878
002244,租售同权,2026-07-14T17:23:42.360246
002246,军民融合,2026-07-14T17:23:42.367700
002249,长安汽车概念,2026-07-14T17:23:42.385224
002251,免税店,2026-07-14T17:23:42.385391
002250,氟化工概念,2026-07-14T17:23:42.385417
002248,新型工业化,2026-07-14T17:23:42.390220
002252,创新药,2026-07-14T17:23:42.402506
002245,MiniLED,2026-07-14T17:23:42.385251
002253,人脸识别,2026-07-14T17:23:42.517063
002255,核电,2026-07-14T17:23:42.560460
002258,草甘膦,2026-07-14T17:23:42.571140
002254,光纤概念,2026-07-14T17:23:42.572175
002259,天然气,2026-07-14T17:23:42.576182
002256,光伏建筑一体化,2026-07-14T17:23:42.582295
002262,芬太尼,2026-07-14T17:23:42.587783
002261,云计算,2026-07-14T17:23:42.600081
002263,PET铜箔,2026-07-14T17:23:42.614975
002264,网红经济,2026-07-14T17:23:42.615285
002265,兵装重组概念,2026-07-14T17:23:42.717931
002266,金属镍,2026-07-14T17:23:42.757461
002267,天然气,2026-07-14T17:23:42.771470
002273,同花顺果指数,2026-07-14T17:23:42.795418
002274,煤化工概念,2026-07-14T17:23:42.824010
002268,国产操作系统,2026-07-14T17:23:42.823992
002269,三胎概念,2026-07-14T17:23:42.836919
002270,特高压,2026-07-14T17:23:42.823603
002272,液冷服务器,2026-07-14T17:23:42.836952
002271,冰雪产业,2026-07-14T17:23:42.823934
002275,高股息精选,2026-07-14T17:23:42.911736
002277,第三代半导体,2026-07-14T17:23:42.947250
002276,工业互联网,2026-07-14T17:23:43.014356
002284,华为汽车,2026-07-14T17:23:43.030915
002281,F5G概念,2026-07-14T17:23:43.039251
002285,租售同权,2026-07-14T17:23:43.038722
002278,可燃冰,2026-07-14T17:23:43.060333
002279,小红书概念,2026-07-14T17:23:43.060381
002283,比亚迪概念,2026-07-14T17:23:43.038661
002286,代糖概念,2026-07-14T17:23:43.113234
002282,中俄贸易概念,2026-07-14T17:23:43.113404
002287,医药电商,2026-07-14T17:23:43.144622
002289,消费电子概念,2026-07-14T17:23:43.213556
002295,金属铜,2026-07-14T17:23:43.229675
002293,高股息精选,2026-07-14T17:23:43.235212
002292,文化传媒概念,2026-07-14T17:23:43.256285
002294,减肥药,2026-07-14T17:23:43.256451
002291,短剧游戏,2026-07-14T17:23:43.266123
002296,高铁,2026-07-14T17:23:43.275069
002290,芯片概念,2026-07-14T17:23:43.280250
002297,培育钻石,2026-07-14T17:23:43.290974
002298,云计算,2026-07-14T17:23:43.345575
002299,养鸡,2026-07-14T17:23:43.392737
002301,云办公,2026-07-14T17:23:43.438585
002302,装配式建筑,2026-07-14T17:23:43.444941
002300,特高压,2026-07-14T17:23:43.444825
002307,雅下水电概念,2026-07-14T17:23:43.461519
002304,白酒概念,2026-07-14T17:23:43.466560
002310,生态农业,2026-07-14T17:23:43.483580
002309,光伏建筑一体化,2026-07-14T17:23:43.483500
002303,人造肉,2026-07-14T17:23:43.454830
002311,猪肉,2026-07-14T17:23:43.507855
002312,化肥,2026-07-14T17:23:43.560015
002317,禽流感,2026-07-14T17:23:43.662487
002318,特钢概念,2026-07-14T17:23:43.695493
002319,石墨烯,2026-07-14T17:23:43.695664
002321,养鸡,2026-07-14T17:23:43.711301
002320,海南自贸区,2026-07-14T17:23:43.716868
002313,智慧灯杆,2026-07-14T17:23:43.716368
002315,AIGC概念,2026-07-14T17:23:43.701471
002316,智慧城市,2026-07-14T17:23:43.692798
002322,电力物联网,2026-07-14T17:23:43.737734
002314,物业管理,2026-07-14T17:23:43.701485
002329,乳业,2026-07-14T17:23:43.893716
002327,高股息精选,2026-07-14T17:23:43.900305
002324,军工,2026-07-14T17:23:43.906457
002326,氟化工概念,2026-07-14T17:23:43.906675
002328,数据中心(AIDC),2026-07-14T17:23:43.923159
002330,预制菜,2026-07-14T17:23:43.943107
002331,ETC,2026-07-14T17:23:43.923131
002333,房屋检测,2026-07-14T17:23:43.936608
002334,液冷服务器,2026-07-14T17:23:43.946599
002332,医药电商,2026-07-14T17:23:43.936744
002335,液冷服务器,2026-07-14T17:23:44.119955
002342,海工装备,2026-07-14T17:23:44.123140
002337,智能物流,2026-07-14T17:23:44.138598
002336,其它,2026-07-14T17:23:44.132234
002339,电力物联网,2026-07-14T17:23:44.177965
002338,芯片概念,2026-07-14T17:23:44.181101
002345,黄金概念,2026-07-14T17:23:44.181287
002340,金属钴,2026-07-14T17:23:44.161196
002344,网红经济,2026-07-14T17:23:44.155194
002343,手机游戏,2026-07-14T17:23:44.177901
002346,创投,2026-07-14T17:23:44.345284
002351,跨境电商,2026-07-14T17:23:44.357804
002352,超级品牌,2026-07-14T17:23:44.437750
002350,智能电网,2026-07-14T17:23:44.457370
002347,新型工业化,2026-07-14T17:23:44.461042
002353,数据中心(AIDC),2026-07-14T17:23:44.467409
002354,AI视频,2026-07-14T17:23:44.484495
002355,算力租赁,2026-07-14T17:23:44.484787
002348,在线教育,2026-07-14T17:23:44.460866
002349,流感,2026-07-14T17:23:44.371908
002356,共享单车,2026-07-14T17:23:44.594263
002366,超超临界发电,2026-07-14T17:23:44.656923
002363,数字经济,2026-07-14T17:23:44.664318
002361,航空发动机,2026-07-14T17:23:44.698684
002365,维生素,2026-07-14T17:23:44.720638
002357,网约车,2026-07-14T17:23:44.747284
002358,柔性直流输电,2026-07-14T17:23:44.747929
002364,中国AI50,2026-07-14T17:23:44.761224
002362,AI语料,2026-07-14T17:23:44.720932
002367,新型城镇化,2026-07-14T17:23:44.747866
002368,国资云,2026-07-14T17:23:44.812869
002369,智能音箱,2026-07-14T17:23:44.908327
002370,仿制药一致性评价,2026-07-14T17:23:44.945415
002377,互联网金融,2026-07-14T17:23:44.950492
002374,污水处理,2026-07-14T17:23:44.955702
002371,国家大基金持股,2026-07-14T17:23:44.982880
002376,人工智能,2026-07-14T17:23:44.975029
002375,百度概念,2026-07-14T17:23:45.007460
002373,AI应用,2026-07-14T17:23:45.009745
002372,高股息精选,2026-07-14T17:23:45.009914
002378,小金属概念,2026-07-14T17:23:45.083081
002379,金属回收,2026-07-14T17:23:45.264969
002381,养老概念,2026-07-14T17:23:45.498424
002383,时空大数据,2026-07-14T17:23:45.578590
002384,共封装光学(CPO),2026-07-14T17:23:45.578537
002387,MicroLED概念,2026-07-14T17:23:45.578499
002382,医药电商,2026-07-14T17:23:45.580348
002380,新型工业化,2026-07-14T17:23:45.579861
002386,磷化工,2026-07-14T17:23:45.986314
002385,大豆,2026-07-14T17:23:45.986366
002388,消费电子概念,2026-07-14T17:23:45.999846
002389,军民融合,2026-07-14T17:23:46.061418
002391,化肥,2026-07-14T17:23:46.209500
002393,阿尔茨海默概念,2026-07-14T17:23:46.231938
002390,医药电商,2026-07-14T17:23:46.232608
002392,中俄贸易概念,2026-07-14T17:23:46.232569
002394,数字经济,2026-07-14T17:23:46.232428
002395,足球概念,2026-07-14T17:23:46.232490
002397,C2M概念,2026-07-14T17:23:46.299967
002398,装配式建筑,2026-07-14T17:23:46.312328
002396,WiFi6,2026-07-14T17:23:46.312681
002399,生物疫苗,2026-07-14T17:23:46.400435
002404,跨境电商,2026-07-14T17:23:46.454384
002401,Web3.0,2026-07-14T17:23:46.503594
002403,减速器,2026-07-14T17:23:46.593780
002405,百度概念,2026-07-14T17:23:46.603447
002400,快手概念,2026-07-14T17:23:46.612416
002407,氟化工概念,2026-07-14T17:23:46.620776
002402,智能座舱,2026-07-14T17:23:46.602977
002408,环氧丙烷,2026-07-14T17:23:46.606652
002409,国家大基金持股,2026-07-14T17:23:46.641269
002406,中俄贸易概念,2026-07-14T17:23:46.593801
002410,AI应用,2026-07-14T17:23:46.789802
002416,参股保险,2026-07-14T17:23:46.841216
002413,太赫兹,2026-07-14T17:23:46.856045
002412,流感,2026-07-14T17:23:46.856589
002414,军民融合,2026-07-14T17:23:46.926412
002419,预制菜,2026-07-14T17:23:46.928164
002418,液冷服务器,2026-07-14T17:23:46.938932
002415,同花顺漂亮100,2026-07-14T17:23:46.962890
002421,数字孪生,2026-07-14T17:23:46.939678
002420,农机,2026-07-14T17:23:46.962576
002422,毛发医疗,2026-07-14T17:23:46.982826
002426,新型工业化,2026-07-14T17:23:47.033896
002423,信托概念,2026-07-14T17:23:47.046838
002425,手机游戏,2026-07-14T17:23:47.051610
002432,血氧仪,2026-07-14T17:23:47.161239
002430,煤化工概念,2026-07-14T17:23:47.161259
002428,光纤概念,2026-07-14T17:23:47.169446
002427,国企改革,2026-07-14T17:23:47.188838
002429,光纤概念,2026-07-14T17:23:47.188744
002433,中医药,2026-07-14T17:23:47.188034
002434,减速器,2026-07-14T17:23:47.187975
002438,航空发动机,2026-07-14T17:23:47.236872
002437,仿制药一致性评价,2026-07-14T17:23:47.244094
002436,PCB概念,2026-07-14T17:23:47.243959
002441,职业教育,2026-07-14T17:23:47.437097
002442,工业互联网,2026-07-14T17:23:47.448590
002439,华为欧拉,2026-07-14T17:23:47.462559
002440,染料,2026-07-14T17:23:47.462907
002444,智能物流,2026-07-14T17:23:47.485844
002443,地下管网,2026-07-14T17:23:47.486826
002445,光伏建筑一体化,2026-07-14T17:23:47.508350
002448,车联网(车路协同),2026-07-14T17:23:47.511726
002446,太赫兹,2026-07-14T17:23:47.530660
002449,MicroLED概念,2026-07-14T17:23:47.530672
002451,智能电网,2026-07-14T17:23:47.658721
002452,智能电网,2026-07-14T17:23:47.663155
002453,光刻胶,2026-07-14T17:23:47.669751
002454,长安汽车概念,2026-07-14T17:23:47.669846
002456,智能座舱,2026-07-14T17:23:47.689596
002455,磷化工,2026-07-14T17:23:47.689613
002457,地下管网,2026-07-14T17:23:47.706410
002458,养鸡,2026-07-14T17:23:47.712047
002459,硅能源,2026-07-14T17:23:47.722176
002460,盐湖提锂,2026-07-14T17:23:47.770489
002461,啤酒概念,2026-07-14T17:23:47.975437
002462,医药电商,2026-07-14T17:23:47.993105
002470,化肥,2026-07-14T17:23:47.993938
002463,PCB概念,2026-07-14T17:23:48.019032
002465,军工信息化,2026-07-14T17:23:48.018885
002467,云办公,2026-07-14T17:23:48.023338
002471,航空发动机,2026-07-14T17:23:48.038011
002466,盐湖提锂,2026-07-14T17:23:48.022838
002469,煤化工概念,2026-07-14T17:23:47.994014
002468,统一大市场,2026-07-14T17:23:47.994205
002476,页岩气,2026-07-14T17:23:48.219983
002475,同花顺果指数,2026-07-14T17:23:48.220580
002479,生物质能发电,2026-07-14T17:23:48.243853
002474,Web3.0,2026-07-14T17:23:48.257247
002480,光热发电,2026-07-14T17:23:48.311256
002483,污水处理,2026-07-14T17:23:48.312073
002478,特钢概念,2026-07-14T17:23:48.305622
002472,减速器,2026-07-14T17:23:48.220720
002481,预制菜,2026-07-14T17:23:48.257192
002482,装配式建筑,2026-07-14T17:23:48.297822
002487,绿色电力,2026-07-14T17:23:48.546480
002494,网红经济,2026-07-14T17:23:48.561103
002490,页岩气,2026-07-14T17:23:48.611588
002488,人形机器人,2026-07-14T17:23:48.634338
002493,煤化工概念,2026-07-14T17:23:48.641088
002489,跨境电商,2026-07-14T17:23:48.654853
002486,露营经济,2026-07-14T17:23:48.653190
002492,创投,2026-07-14T17:23:48.654832
002484,超级电容,2026-07-14T17:23:48.561060
002491,光纤概念,2026-07-14T17:23:48.655097
002495,预制菜,2026-07-14T17:23:48.754726
002496,氢能源,2026-07-14T17:23:48.804465
002507,超级品牌,2026-07-14T17:23:48.819398
002498,柔性直流输电,2026-07-14T17:23:48.826692
002500,证金持股,2026-07-14T17:23:48.912918
002497,固态电池,2026-07-14T17:23:48.932820
002505,饲料,2026-07-14T17:23:48.926935
002508,高股息精选,2026-07-14T17:23:48.943328
002510,长安汽车概念,2026-07-14T17:23:48.938084
002506,HJT电池,2026-07-14T17:23:48.943200
002511,三胎概念,2026-07-14T17:23:49.019551
002513,染料,2026-07-14T17:23:49.045568
002515,共封装光学(CPO),2026-07-14T17:23:49.094844
002516,智能穿戴,2026-07-14T17:23:49.095413
002518,液冷服务器,2026-07-14T17:23:49.103088
002519,军工信息化,2026-07-14T17:23:49.142782
002521,污水处理,2026-07-14T17:23:49.160461
002520,工业母机,2026-07-14T17:23:49.166329
002522,光纤概念,2026-07-14T17:23:49.166767
002517,电子竞技,2026-07-14T17:23:49.166705
002523,水利,2026-07-14T17:23:49.211318
002524,装配式建筑,2026-07-14T17:23:49.246486
002526,智能物流,2026-07-14T17:23:49.270853
002529,HJT电池,2026-07-14T17:23:49.310496
002532,俄乌冲突概念,2026-07-14T17:23:49.319801
002530,虚拟数字人,2026-07-14T17:23:49.330924
002527,减速器,2026-07-14T17:23:49.335590
002531,氢能源,2026-07-14T17:23:49.430127
002533,智能电网,2026-07-14T17:23:49.448406
002534,大飞机,2026-07-14T17:23:49.448421
002535,蚂蚁集团概念,2026-07-14T17:23:49.466984
002536,液冷服务器,2026-07-14T17:23:49.476466
002537,数字货币,2026-07-14T17:23:49.538105
002541,同花顺中特估100,2026-07-14T17:23:49.562887
002540,大飞机,2026-07-14T17:23:49.577542
002539,磷化工,2026-07-14T17:23:49.593206
002543,净水概念,2026-07-14T17:23:49.593389
002545,化肥,2026-07-14T17:23:49.618671
002544,军民融合,2026-07-14T17:23:49.632673
002546,电力物联网,2026-07-14T17:23:49.645729
002548,猪肉,2026-07-14T17:23:49.653870
002549,氟化工概念,2026-07-14T17:23:49.667892
002550,仿制药一致性评价,2026-07-14T17:23:49.719399
002552,PCB概念,2026-07-14T17:23:49.732298
002551,养老概念,2026-07-14T17:23:49.753102
002553,减速器,2026-07-14T17:23:49.763408
002554,天然气,2026-07-14T17:23:49.784497
002556,化肥,2026-07-14T17:23:49.812660
002555,电子竞技,2026-07-14T17:23:49.817443
002557,乳业,2026-07-14T17:23:49.825922
002558,电子竞技,2026-07-14T17:23:49.840022
002559,OLED,2026-07-14T17:23:49.856691
002561,乡村振兴,2026-07-14T17:23:49.954228
002563,高股息精选,2026-07-14T17:23:49.996916
002562,丙烯酸,2026-07-14T17:23:50.009695
002560,柔性直流输电,2026-07-14T17:23:50.015091
002564,光热发电,2026-07-14T17:23:50.014687
002565,卫星导航,2026-07-14T17:23:50.066369
002567,猪肉,2026-07-14T17:23:50.127257
002566,流感,2026-07-14T17:23:50.144372
002568,超级品牌,2026-07-14T17:23:50.143957
002570,NFT概念,2026-07-14T17:23:50.144261
002574,参股银行,2026-07-14T17:23:50.215682
002571,新能源汽车,2026-07-14T17:23:50.215860
002572,高股息精选,2026-07-14T17:23:50.229233
002573,PPP概念,2026-07-14T17:23:50.241597
002575,算力租赁,2026-07-14T17:23:50.241564
002576,机器人概念,2026-07-14T17:23:50.263832
002577,跨境电商,2026-07-14T17:23:50.325671
002580,快手概念,2026-07-14T17:23:50.338219
002578,国企改革,2026-07-14T17:23:50.346359
002579,AIPC,2026-07-14T17:23:50.369241
002582,预制菜,2026-07-14T17:23:50.482366
002585,PET铜箔,2026-07-14T17:23:50.498690
002584,光刻胶,2026-07-14T17:23:50.498755
002583,无人机,2026-07-14T17:23:50.529568
002588,化肥,2026-07-14T17:23:50.529779
002587,柔性屏(折叠屏),2026-07-14T17:23:50.543617
002589,医药电商,2026-07-14T17:23:50.617996
002591,专精特新,2026-07-14T17:23:50.646385
002593,中俄贸易概念,2026-07-14T17:23:50.646362
002596,海南自贸区,2026-07-14T17:23:50.655854
002590,小米汽车,2026-07-14T17:23:50.648864
002595,工业母机,2026-07-14T17:23:50.685636
002594,超级品牌,2026-07-14T17:23:50.695675
002597,代糖概念,2026-07-14T17:23:50.735491
002599,在线教育,2026-07-14T17:23:50.797584
002600,智能音箱,2026-07-14T17:23:50.797535
002601,钛白粉概念,2026-07-14T17:23:50.815774
002606,虚拟电厂,2026-07-14T17:23:50.858522
002602,电子竞技,2026-07-14T17:23:50.858457
002607,职业教育,2026-07-14T17:23:50.878362
002603,禽流感,2026-07-14T17:23:50.878113
002605,IP经济(谷子经济),2026-07-14T17:23:50.878093
002608,超超临界发电,2026-07-14T17:23:50.883693
002609,鸿蒙概念,2026-07-14T17:23:50.918783
002612,中韩自贸区,2026-07-14T17:23:51.037317
002611,人形机器人,2026-07-14T17:23:51.045925
002613,建筑节能,2026-07-14T17:23:51.106679
002623,钙钛矿电池,2026-07-14T17:23:51.116901
002622,民营医院,2026-07-14T17:23:51.134827
002617,第三代半导体,2026-07-14T17:23:51.150315
002615,露营经济,2026-07-14T17:23:51.154023
002614,养老概念,2026-07-14T17:23:51.167657
002624,云游戏,2026-07-14T17:23:51.179982
002616,生物质能发电,2026-07-14T17:23:51.206299
002628,无人驾驶,2026-07-14T17:23:51.297560
002627,旅游概念,2026-07-14T17:23:51.306112
002629,页岩气,2026-07-14T17:23:51.320624
002626,NMN概念,2026-07-14T17:23:51.320980
002632,消费电子概念,2026-07-14T17:23:51.357721
002631,石墨烯,2026-07-14T17:23:51.358005
002636,PCB概念,2026-07-14T17:23:51.375054
002633,高端装备,2026-07-14T17:23:51.389356
002635,同花顺果指数,2026-07-14T17:23:51.391046
002625,军民融合,2026-07-14T17:23:51.783213
002640,拼多多概念,2026-07-14T17:23:51.798506
002637,消毒剂,2026-07-14T17:23:51.808725
002638,储能,2026-07-14T17:23:51.823142
002639,可控核聚变,2026-07-14T17:23:51.834136
002645,稀土永磁,2026-07-14T17:23:52.351156
002643,光刻胶,2026-07-14T17:23:52.355020
002641,地下管网,2026-07-14T17:23:52.360876
002642,国资云,2026-07-14T17:23:52.377665
002648,煤化工概念,2026-07-14T17:23:52.386054
002646,白酒概念,2026-07-14T17:23:52.385869
002644,流感,2026-07-14T17:23:52.355063
002647,东数西算(算力),2026-07-14T17:23:52.405759
002651,西部大开发,2026-07-14T17:23:52.798761
002649,华为盘古,2026-07-14T17:23:52.804440
002655,无线充电,2026-07-14T17:23:53.146561
002658,中芯国际概念,2026-07-14T17:23:53.157765
002654,存储芯片,2026-07-14T17:23:53.179726
002653,创新药,2026-07-14T17:23:53.161490
002662,氢能源,2026-07-14T17:23:53.203444
002652,雄安新区,2026-07-14T17:23:53.161612
002660,换电概念,2026-07-14T17:23:53.203429
002659,体育产业,2026-07-14T17:23:53.161471
002661,预制菜,2026-07-14T17:23:53.224128
002657,Web3.0,2026-07-14T17:23:53.203463
002672,广东自贸区,2026-07-14T17:23:53.382529
002670,期货概念,2026-07-14T17:23:53.398035
002668,跨境电商,2026-07-14T17:23:53.404353
002674,华为汽车,2026-07-14T17:23:53.428579
002663,新型城镇化,2026-07-14T17:23:53.428697
002664,人形机器人,2026-07-14T17:23:53.428551
002666,职业教育,2026-07-14T17:23:53.483250
002669,先进封装,2026-07-14T17:23:53.532453
002673,期货概念,2026-07-14T17:23:53.435341
002671,新型城镇化,2026-07-14T17:23:53.435272
002675,仿制药一致性评价,2026-07-14T17:23:53.778397
002676,比亚迪概念,2026-07-14T17:23:53.883664
002681,减速器,2026-07-14T17:23:53.902641
002683,军民融合,2026-07-14T17:23:53.920049
002677,净水概念,2026-07-14T17:23:53.919887
002685,高端装备,2026-07-14T17:23:53.920094
002686,军工,2026-07-14T17:23:53.862773
002682,职业教育,2026-07-14T17:23:53.919198
002678,特色小镇,2026-07-14T17:23:53.886013
002679,国企改革,2026-07-14T17:23:53.892050
002687,创投,2026-07-14T17:23:54.195664
002688,代糖概念,2026-07-14T17:23:54.312184
002695,预制菜,2026-07-14T17:23:54.318029
002698,人形机器人,2026-07-14T17:23:54.368137
002690,农机,2026-07-14T17:23:54.374692
002693,辅助生殖,2026-07-14T17:23:54.387400
002692,核电,2026-07-14T17:23:54.369118
002700,天然气,2026-07-14T17:23:54.368024
002697,参股银行,2026-07-14T17:23:54.374997
002696,中俄贸易概念,2026-07-14T17:23:54.418422
002701,啤酒概念,2026-07-14T17:23:54.435860
002702,网红经济,2026-07-14T17:23:54.710225
002703,长安汽车概念,2026-07-14T17:23:54.710303
002705,宠物经济,2026-07-14T17:23:54.723187
002707,旅游概念,2026-07-14T17:23:54.709844
002706,智能电网,2026-07-14T17:23:54.819341
002714,猪肉,2026-07-14T17:23:54.746458
002715,创投,2026-07-14T17:23:54.828810
002712,知识产权保护,2026-07-14T17:23:54.822474
002708,减速器,2026-07-14T17:23:54.822338
002709,氟化工概念,2026-07-14T17:23:54.822358
002722,创投,2026-07-14T17:23:55.261863
002723,露营经济,2026-07-14T17:23:55.356899
002721,互联网金融,2026-07-14T17:23:55.360646
002725,5G,2026-07-14T17:23:55.365417
002718,长三角一体化,2026-07-14T17:23:55.267133
002724,智慧城市,2026-07-14T17:23:55.365580
002729,比亚迪概念,2026-07-14T17:23:55.267176
002716,金属铅,2026-07-14T17:23:55.365344
002727,医药电商,2026-07-14T17:23:55.278377
002728,肝炎概念,2026-07-14T17:23:55.261909
002733,固态电池,2026-07-14T17:23:55.547573
002735,可控核聚变,2026-07-14T17:23:55.755760
002736,高股息精选,2026-07-14T17:23:55.761298
002734,消毒剂,2026-07-14T17:23:55.773046
002737,流感,2026-07-14T17:23:55.787294
002741,PET铜箔,2026-07-14T17:23:55.787967
002739,IP经济(谷子经济),2026-07-14T17:23:55.787316
002732,乳业,2026-07-14T17:23:55.767680
002738,小金属概念,2026-07-14T17:23:55.786768
002730,算力租赁,2026-07-14T17:23:55.766804
002742,职业教育,2026-07-14T17:23:55.912284
002746,养鸡,2026-07-14T17:23:55.997808
002743,装配式建筑,2026-07-14T17:23:55.997787
002748,消毒剂,2026-07-14T17:23:56.002764
002747,工业母机,2026-07-14T17:23:56.002789
002745,MicroLED概念,2026-07-14T17:23:56.002906
002750,仿制药,2026-07-14T17:23:56.018615
002749,草甘膦,2026-07-14T17:23:56.024118
002753,煤化工概念,2026-07-14T17:23:56.032261
002752,IP经济(谷子经济),2026-07-14T17:23:56.031989
002755,创新药,2026-07-14T17:23:56.139750
002763,跨境电商,2026-07-14T17:23:56.310597
002758,化肥,2026-07-14T17:23:56.340597
002761,PPP概念,2026-07-14T17:23:56.355128
002762,三胎概念,2026-07-14T17:23:56.353599
002765,减速器,2026-07-14T17:23:56.354887
002759,氟化工概念,2026-07-14T17:23:56.354919
002757,算力租赁,2026-07-14T17:23:56.351750
002760,数据中心(AIDC),2026-07-14T17:23:56.353542
002756,锂电池概念,2026-07-14T17:23:56.353478
002766,数据要素,2026-07-14T17:23:56.477567
002767,新型工业化,2026-07-14T17:23:56.588535
002772,农业种植,2026-07-14T17:23:56.604059
002777,智慧政务,2026-07-14T17:23:56.633855
002768,光刻胶,2026-07-14T17:23:56.638254
002778,净水概念,2026-07-14T17:23:56.650207
002771,虚拟数字人,2026-07-14T17:23:56.663214
002775,旅游概念,2026-07-14T17:23:56.663001
002769,AIGC概念,2026-07-14T17:23:56.662974
002773,创新药,2026-07-14T17:23:56.633867
002774,中俄贸易概念,2026-07-14T17:23:56.782208
002779,机器人概念,2026-07-14T17:23:56.870313
002780,冰雪产业,2026-07-14T17:23:56.973242
002785,盐湖提锂,2026-07-14T17:23:57.005600
002788,医药电商,2026-07-14T17:23:57.021823
002786,新型工业化,2026-07-14T17:23:57.022483
002787,液冷服务器,2026-07-14T17:23:57.040768
002782,高压快充,2026-07-14T17:23:57.040556
002783,民爆概念,2026-07-14T17:23:57.048008
002791,雄安新区,2026-07-14T17:23:57.047698
002790,养老概念,2026-07-14T17:23:57.047801
002792,6G概念,2026-07-14T17:23:57.123307
002793,仿制药一致性评价,2026-07-14T17:23:57.150788
002800,统一大市场,2026-07-14T17:23:57.313411
002795,TOPCON电池,2026-07-14T17:23:57.319475
002801,人形机器人,2026-07-14T17:23:57.320254
002799,文化传媒概念,2026-07-14T17:23:57.333668
002798,智能家居,2026-07-14T17:23:57.333575
002797,期货概念,2026-07-14T17:23:57.341830
002803,抖音概念(字节概念),2026-07-14T17:23:57.351532
002796,共封装光学(CPO),2026-07-14T17:23:57.320037
002802,海峡两岸,2026-07-14T17:23:57.341841
002805,磷化工,2026-07-14T17:23:57.491078
002810,2026一季报预增,2026-07-14T17:23:57.601453
002809,环氧丙烷,2026-07-14T17:23:57.607200
002811,装配式建筑,2026-07-14T17:23:57.619311
002812,钠离子电池,2026-07-14T17:23:57.626027
002813,人工智能,2026-07-14T17:23:57.631957
002815,PCB概念,2026-07-14T17:23:57.645286
002807,高股息精选,2026-07-14T17:23:57.613115
002808,激光,2026-07-14T17:23:57.613093
002806,超级电容,2026-07-14T17:23:57.619204
002817,医疗器械概念,2026-07-14T17:23:57.696878
002818,网红经济,2026-07-14T17:23:57.915303
002820,预制菜,2026-07-14T17:23:57.915110
002823,汽车热管理,2026-07-14T17:23:57.926328
002821,CRO概念,2026-07-14T17:23:57.926450
002824,华为手机,2026-07-14T17:23:57.946848
002819,电子身份证,2026-07-14T17:23:57.946978
002828,俄乌冲突概念,2026-07-14T17:23:58.019481
002825,燃料电池,2026-07-14T17:23:58.055044
002826,仿制药一致性评价,2026-07-14T17:23:58.059273
002827,民爆概念,2026-07-14T17:23:58.059447
002832,体育产业,2026-07-14T17:23:58.190862
002829,军工信息化,2026-07-14T17:23:58.203861
002831,液冷服务器,2026-07-14T17:23:58.199640
002836,烟草,2026-07-14T17:23:58.215999
002830,物业管理,2026-07-14T17:23:58.220502
002833,粤港澳大湾区,2026-07-14T17:23:58.220440
002835,数字经济,2026-07-14T17:23:58.220413
002839,高股息精选,2026-07-14T17:23:58.228446
002838,5G,2026-07-14T17:23:58.240068
002837,液冷服务器,2026-07-14T17:23:58.247912
002842,小金属概念,2026-07-14T17:23:58.561903
002840,猪肉,2026-07-14T17:23:58.568576
002849,专精特新,2026-07-14T17:23:58.568673
002847,休闲零食,2026-07-14T17:23:58.580928
002846,固态电池,2026-07-14T17:23:58.601124
002841,AI应用,2026-07-14T17:23:58.602680
002850,减速器,2026-07-14T17:23:58.594835
002845,OLED,2026-07-14T17:23:58.580278
002843,数据中心(AIDC),2026-07-14T17:23:58.589803
002848,智能家居,2026-07-14T17:23:58.568556
002853,C2M概念,2026-07-14T17:23:58.791953
002857,电力物联网,2026-07-14T17:23:58.799839
002851,中国AI50,2026-07-14T17:23:58.805374
002859,PCB概念,2026-07-14T17:23:58.920295
002852,农业种植,2026-07-14T17:23:58.920309
002855,智能家居,2026-07-14T17:23:58.930366
002862,跨境电商,2026-07-14T17:23:58.920373
002860,HJT电池,2026-07-14T17:23:58.920449
002861,星闪概念,2026-07-14T17:23:58.930481
002858,体育产业,2026-07-14T17:23:58.920277
002863,中俄贸易概念,2026-07-14T17:23:59.112916
002865,钙钛矿电池,2026-07-14T17:23:59.117655
002864,流感,2026-07-14T17:23:59.117491
002867,高股息精选,2026-07-14T17:23:59.167419
002870,芯片概念,2026-07-14T17:23:59.172884
002868,宠物经济,2026-07-14T17:23:59.187758
002866,钠离子电池,2026-07-14T17:23:59.178388
002869,ETC,2026-07-14T17:23:59.190287
002871,液冷服务器,2026-07-14T17:23:59.210439
002873,流感,2026-07-14T17:23:59.210456
002877,新型工业化,2026-07-14T17:23:59.306564
002875,广东自贸区,2026-07-14T17:23:59.311600
002876,柔性屏(折叠屏),2026-07-14T17:23:59.311781
002880,生物疫苗,2026-07-14T17:23:59.447487
002879,柔性直流输电,2026-07-14T17:23:59.447743
002882,锂电池概念,2026-07-14T17:23:59.461561
002884,高股息精选,2026-07-14T17:23:59.472660
002881,电力物联网,2026-07-14T17:23:59.481743
002885,第三代半导体,2026-07-14T17:23:59.481954
002878,冰雪产业,2026-07-14T17:23:59.489521
002886,PEEK材料,2026-07-14T17:23:59.634308
002887,足球概念,2026-07-14T17:23:59.646962
002888,横琴新区,2026-07-14T17:23:59.647163
002893,碳交易,2026-07-14T17:23:59.731388
002889,冷链物流,2026-07-14T17:23:59.750952
002895,化肥,2026-07-14T17:23:59.756991
002896,减速器,2026-07-14T17:23:59.750936
002891,宠物经济,2026-07-14T17:23:59.750738
002890,农机,2026-07-14T17:23:59.761219
002892,华为汽车,2026-07-14T17:23:59.777614
002897,共封装光学(CPO),2026-07-14T17:23:59.824441
002899,足球概念,2026-07-14T17:23:59.825748
002898,高血压药,2026-07-14T17:23:59.961665
002901,医疗器械概念,2026-07-14T17:24:00.128543
002907,仿制药一致性评价,2026-07-14T17:24:00.128449
002900,维生素,2026-07-14T17:24:00.128804
002905,文化传媒概念,2026-07-14T17:24:00.149877
002902,F5G概念,2026-07-14T17:24:00.165639
002908,区块链,2026-07-14T17:24:00.165892
002909,有机硅概念,2026-07-14T17:24:00.187961
002906,汽车热管理,2026-07-14T17:24:00.191555
002903,工业母机,2026-07-14T17:24:00.191374
002910,网红经济,2026-07-14T17:24:00.208508
002912,网络安全,2026-07-14T17:24:00.306208
002911,煤化工概念,2026-07-14T17:24:00.316295
002913,AIPC,2026-07-14T17:24:00.330374
002918,智能家居,2026-07-14T17:24:00.454027
002919,手机游戏,2026-07-14T17:24:00.477818
002920,华为汽车,2026-07-14T17:24:00.478179
002915,氟化工概念,2026-07-14T17:24:00.477958
002917,新型工业化,2026-07-14T17:24:00.486401
002916,PCB概念,2026-07-14T17:24:00.496548
002921,农机,2026-07-14T17:24:00.478232
002922,高压快充,2026-07-14T17:24:00.554617
002923,青蒿素,2026-07-14T17:24:00.677996
002925,虚拟现实,2026-07-14T17:24:00.689620
002931,长安汽车概念,2026-07-14T17:24:00.717841
002926,期货概念,2026-07-14T17:24:00.731895
002930,东数西算(算力),2026-07-14T17:24:00.737224
002927,智能电网,2026-07-14T17:24:00.745847
002929,算力租赁,2026-07-14T17:24:00.763360
002928,西部大开发,2026-07-14T17:24:00.769557
002933,京津冀一体化,2026-07-14T17:24:00.794046
002935,军民融合,2026-07-14T17:24:00.814210
002936,其它,2026-07-14T17:24:00.853348
002937,液冷服务器,2026-07-14T17:24:00.874837
002938,同花顺果指数,2026-07-14T17:24:00.976442
002940,创新药,2026-07-14T17:24:01.010827
002945,互联网金融,2026-07-14T17:24:01.020563
002941,PPP概念,2026-07-14T17:24:01.034821
002943,第三代半导体,2026-07-14T17:24:01.026914
002942,磷化工,2026-07-14T17:24:01.026826
002939,期货概念,2026-07-14T17:24:01.026888
002947,AIPC,2026-07-14T17:24:01.211235
002948,高股息精选,2026-07-14T17:24:01.216677
002949,装配式建筑,2026-07-14T17:24:01.218892
002946,乳业,2026-07-14T17:24:01.219158
002955,托育服务,2026-07-14T17:24:01.320623
002952,电子纸,2026-07-14T17:24:01.320603
002956,跨境电商,2026-07-14T17:24:01.320866
002953,物联网,2026-07-14T17:24:01.502844
002951,超级电容,2026-07-14T17:24:01.512019
002950,三胎概念,2026-07-14T17:24:01.512038
002958,高股息精选,2026-07-14T17:24:01.529641
002960,人工智能,2026-07-14T17:24:01.618914
002957,共封装光学(CPO),2026-07-14T17:24:01.646820
002961,期货概念,2026-07-14T17:24:01.660011
002963,智慧灯杆,2026-07-14T17:24:01.665312
002959,宠物经济,2026-07-14T17:24:01.682259
002962,MR(混合现实),2026-07-14T17:24:01.683522
002966,高股息精选,2026-07-14T17:24:01.719950
002968,物业管理,2026-07-14T17:24:01.721977
002965,汽车热管理,2026-07-14T17:24:01.768654
002967,量子科技,2026-07-14T17:24:01.781685
002969,海峡两岸,2026-07-14T17:24:01.821215
002970,汽车电子,2026-07-14T17:24:01.851645
002972,高铁,2026-07-14T17:24:01.856774
002971,氟化工概念,2026-07-14T17:24:01.856930
002978,小金属概念,2026-07-14T17:24:02.084116
002973,人形机器人,2026-07-14T17:24:02.126349
002975,PCB概念,2026-07-14T17:24:02.126831
002979,人形机器人,2026-07-14T17:24:02.126808
002980,共封装光学(CPO),2026-07-14T17:24:02.149150
002981,医疗器械概念,2026-07-14T17:24:02.138924
002976,5G,2026-07-14T17:24:02.148729
002983,MicroLED概念,2026-07-14T17:24:02.193455
002984,一带一路,2026-07-14T17:24:02.226346
002982,养鸡,2026-07-14T17:24:02.260515
002988,汽车热管理,2026-07-14T17:24:02.629969
002992,小米概念,2026-07-14T17:24:02.629992
002991,抖音小店,2026-07-14T17:24:02.650144
002989,芯片概念,2026-07-14T17:24:02.650305
002990,华为昇腾,2026-07-14T17:24:02.640650
002985,军民融合,2026-07-14T17:24:02.645212
002987,跨境支付(CIPS),2026-07-14T17:24:02.650392
002986,其它,2026-07-14T17:24:07.434768
002993,其它,2026-07-14T17:24:07.524887
002995,其它,2026-07-14T17:24:07.573534
002996,其它,2026-07-14T17:24:07.878309
003000,其它,2026-07-14T17:24:07.878273
002998,其它,2026-07-14T17:24:07.881258
002999,其它,2026-07-14T17:24:07.882243
002997,其它,2026-07-14T17:24:07.886277
003001,其它,2026-07-14T17:24:07.918667
003002,其它,2026-07-14T17:24:07.922829
003003,其它,2026-07-14T17:24:12.518291
003004,其它,2026-07-14T17:24:12.601593
003005,其它,2026-07-14T17:24:12.673146
003007,其它,2026-07-14T17:24:13.049221
003011,其它,2026-07-14T17:24:13.051395
003008,其它,2026-07-14T17:24:13.051367
003009,其它,2026-07-14T17:24:13.052868
003012,其它,2026-07-14T17:24:13.051531
003006,其它,2026-07-14T17:24:13.052917
003010,其它,2026-07-14T17:24:13.052841
003013,其它,2026-07-14T17:24:17.556349
003015,其它,2026-07-14T17:24:17.655988
003016,其它,2026-07-14T17:24:17.925261
003018,其它,2026-07-14T17:24:18.068143
003017,其它,2026-07-14T17:24:18.068205
003021,其它,2026-07-14T17:24:18.102104
003020,其它,2026-07-14T17:24:18.106021
003019,其它,2026-07-14T17:24:18.102195
003023,其它,2026-07-14T17:24:18.116114
003022,其它,2026-07-14T17:24:18.129832
003028,人形机器人,2026-07-14T17:24:18.326263
003025,其它,2026-07-14T17:24:22.624927
003026,其它,2026-07-14T17:24:22.750270
003027,其它,2026-07-14T17:24:23.060268
003029,其它,2026-07-14T17:24:23.165837
003032,其它,2026-07-14T17:24:23.212999
003033,其它,2026-07-14T17:24:23.213062
003031,其它,2026-07-14T17:24:23.216989
003035,其它,2026-07-14T17:24:23.215684
003030,其它,2026-07-14T17:24:23.226986
003036,其它,2026-07-14T17:24:23.349171
003037,其它,2026-07-14T17:24:27.638851
003038,其它,2026-07-14T17:24:27.940027
003039,其它,2026-07-14T17:24:28.084093
003040,其它,2026-07-14T17:24:28.185824
003042,其它,2026-07-14T17:24:28.221149
003041,其它,2026-07-14T17:24:28.232862
003043,其它,2026-07-14T17:24:28.238423
600000,其它,2026-07-14T17:24:28.250202
003816,其它,2026-07-14T17:24:28.253751
600001,其它,2026-07-14T17:24:28.365354
600010,稀土永磁,2026-07-14T17:24:28.422737
600002,其它,2026-07-14T17:24:33.007147
600016,高股息精选,2026-07-14T17:24:33.175527
600004,其它,2026-07-14T17:24:33.183880
600005,其它,2026-07-14T17:24:33.256128
600019,同花顺中特估100,2026-07-14T17:24:33.429342
600006,其它,2026-07-14T17:24:33.579304
600007,其它,2026-07-14T17:24:33.582701
600009,其它,2026-07-14T17:24:33.581541
600008,其它,2026-07-14T17:24:33.579865
600011,其它,2026-07-14T17:24:33.581749
600012,其它,2026-07-14T17:24:33.615548
600015,其它,2026-07-14T17:24:33.931414
600017,其它,2026-07-14T17:24:38.182561
600018,其它,2026-07-14T17:24:38.211931
600020,其它,2026-07-14T17:24:38.444938
600021,其它,2026-07-14T17:24:38.573653
600025,其它,2026-07-14T17:24:38.591440
600023,其它,2026-07-14T17:24:38.592976
600026,其它,2026-07-14T17:24:38.599300
600022,其它,2026-07-14T17:24:38.600544
600027,其它,2026-07-14T17:24:38.600588
600028,其它,2026-07-14T17:24:38.939316
600029,其它,2026-07-14T17:24:43.210483
600030,其它,2026-07-14T17:24:43.295244
600031,其它,2026-07-14T17:24:43.455744
600032,其它,2026-07-14T17:24:43.584233
600033,其它,2026-07-14T17:24:43.598847
600035,其它,2026-07-14T17:24:43.603166
600036,其它,2026-07-14T17:24:43.605028
600038,其它,2026-07-14T17:24:43.613177
600037,其它,2026-07-14T17:24:43.613197
600039,其它,2026-07-14T17:24:43.968932
600048,其它,2026-07-14T17:24:48.222995
600050,其它,2026-07-14T17:24:48.307634
600051,其它,2026-07-14T17:24:48.462663
600052,其它,2026-07-14T17:24:48.591695
600054,其它,2026-07-14T17:24:48.615369
600058,其它,2026-07-14T17:24:48.615064
600056,其它,2026-07-14T17:24:48.617713
600057,其它,2026-07-14T17:24:48.622848
600055,其它,2026-07-14T17:24:48.623730
600059,其它,2026-07-14T17:24:48.976919
600060,其它,2026-07-14T17:24:53.232123
600061,其它,2026-07-14T17:24:53.327597
600062,其它,2026-07-14T17:24:53.485458
600063,其它,2026-07-14T17:24:53.611408
600066,其它,2026-07-14T17:24:53.631788
600064,其它,2026-07-14T17:24:53.634041
600071,其它,2026-07-14T17:24:53.635277
600068,其它,2026-07-14T17:24:53.658125
600072,其它,2026-07-14T17:24:54.011502
600067,其它,2026-07-14T17:24:54.641874
600073,其它,2026-07-14T17:24:58.315691
600075,其它,2026-07-14T17:24:58.341676
600076,其它,2026-07-14T17:24:58.495588
600096,磷化工,2026-07-14T17:24:58.496012
600078,其它,2026-07-14T17:24:58.625863
600088,其它,2026-07-14T17:24:58.645128
600081,其它,2026-07-14T17:24:58.654295
600085,其它,2026-07-14T17:24:58.657406
600089,其它,2026-07-14T17:24:58.664618
600094,其它,2026-07-14T17:24:59.015979
600095,其它,2026-07-14T17:24:59.666535
600105,共封装光学(CPO),2026-07-14T17:25:02.526593
600108,代糖概念,2026-07-14T17:25:02.715827
600109,期货概念,2026-07-14T17:25:02.910392
600110,PET铜箔,2026-07-14T17:25:03.102656
600106,西部大开发,2026-07-14T17:25:03.152200
600111,稀土永磁,2026-07-14T17:25:03.305830
600113,预制菜,2026-07-14T17:25:03.333945
600097,其它,2026-07-14T17:25:03.393895
600098,超超临界发电,2026-07-14T17:25:03.507314
600114,共封装光学(CPO),2026-07-14T17:25:03.513979
600099,其它,2026-07-14T17:25:03.519825
600115,跨境电商,2026-07-14T17:25:03.513950
600116,绿色电力,2026-07-14T17:25:03.585794
600100,其它,2026-07-14T17:25:03.643812
600101,其它,2026-07-14T17:25:03.645728
600103,其它,2026-07-14T17:25:03.656185
600102,其它,2026-07-14T17:25:03.657755
600104,其它,2026-07-14T17:25:03.682035
600121,煤炭概念,2026-07-14T17:25:03.696149
600118,国产航母,2026-07-14T17:25:03.702251
600117,特钢概念,2026-07-14T17:25:03.702456
600120,信托概念,2026-07-14T17:25:03.708593
600123,煤炭概念,2026-07-14T17:25:03.783533
600128,宠物经济,2026-07-14T17:25:03.815689
600125,航运概念,2026-07-14T17:25:03.831435
600126,算力租赁,2026-07-14T17:25:03.837489
600127,粮食概念,2026-07-14T17:25:03.837685
600129,禽流感,2026-07-14T17:25:03.885134
600133,PPP概念,2026-07-14T17:25:03.896209
600130,人脸识别,2026-07-14T17:25:03.911788
600132,啤酒概念,2026-07-14T17:25:03.896227
600131,虚拟电厂,2026-07-14T17:25:03.912003
600135,光伏概念,2026-07-14T17:25:03.970902
600137,西部大开发,2026-07-14T17:25:03.997901
600143,PEEK材料,2026-07-14T17:25:04.046632
600138,旅游概念,2026-07-14T17:25:04.046688
600141,磷化工,2026-07-14T17:25:04.046704
600149,雄安新区,2026-07-14T17:25:04.103784
600150,中船系,2026-07-14T17:25:04.121828
600148,中俄贸易概念,2026-07-14T17:25:04.132935
600152,钠离子电池,2026-07-14T17:25:04.140908
600151,军民融合,2026-07-14T17:25:04.141086
600153,高股息精选,2026-07-14T17:25:04.156503
600155,期货概念,2026-07-14T17:25:04.195293
600157,煤炭概念,2026-07-14T17:25:04.226426
600156,算力租赁,2026-07-14T17:25:04.232916
600158,赛马概念,2026-07-14T17:25:04.240487
600159,京津冀一体化,2026-07-14T17:25:04.276287
600162,物业管理,2026-07-14T17:25:04.327352
600163,抽水蓄能,2026-07-14T17:25:04.337506
600160,PVDF概念,2026-07-14T17:25:04.352850
600166,动力电池回收,2026-07-14T17:25:04.353507
600161,肝炎概念,2026-07-14T17:25:04.357803
600167,生物质能发电,2026-07-14T17:25:04.386586
600168,绿色电力,2026-07-14T17:25:04.422569
600170,参股券商,2026-07-14T17:25:04.493396
600172,培育钻石,2026-07-14T17:25:04.507106
600171,汽车芯片,2026-07-14T17:25:04.506859
600173,金属铅,2026-07-14T17:25:04.574486
600179,航运概念,2026-07-14T17:25:04.574659
600176,PCB概念,2026-07-14T17:25:04.593900
600178,兵装重组概念,2026-07-14T17:25:04.608010
600177,高股息精选,2026-07-14T17:25:04.608165
600182,黑龙江自贸区,2026-07-14T17:25:04.657440
600186,算力租赁,2026-07-14T17:25:04.680066
600185,免税店,2026-07-14T17:25:04.687587
600183,PCB概念,2026-07-14T17:25:04.696160
600184,光纤概念,2026-07-14T17:25:04.719364
600189,三胎概念,2026-07-14T17:25:04.744360
600190,其它,2026-07-14T17:25:04.775999
600192,智能电网,2026-07-14T17:25:04.789788
600191,粮食概念,2026-07-14T17:25:04.789983
600193,精装修,2026-07-14T17:25:04.818827
600188,煤炭概念,2026-07-14T17:25:04.850438
600195,动物疫苗,2026-07-14T17:25:04.852002
600197,白酒概念,2026-07-14T17:25:04.876895
600196,生物疫苗,2026-07-14T17:25:04.882458
600198,汽车芯片,2026-07-14T17:25:04.929731
600199,白酒概念,2026-07-14T17:25:04.929812
600200,中医药,2026-07-14T17:25:04.947454
600202,中俄贸易概念,2026-07-14T17:25:04.958668
600201,动物疫苗,2026-07-14T17:25:04.980485
600203,智能音箱,2026-07-14T17:25:05.002486
600205,其它,2026-07-14T17:25:05.026803
600206,中芯国际概念,2026-07-14T17:25:05.041664
600208,黄金概念,2026-07-14T17:25:05.069497
600207,建筑节能,2026-07-14T17:25:05.071302
600210,高股息精选,2026-07-14T17:25:05.104568
600211,创新药,2026-07-14T17:25:05.113682
600212,换电概念,2026-07-14T17:25:05.133127
600215,数字经济,2026-07-14T17:25:05.160135
600216,青蒿素,2026-07-14T17:25:05.191978
600218,农机,2026-07-14T17:25:05.207816
600219,金属回收,2026-07-14T17:25:05.229373
600217,供销社,2026-07-14T17:25:05.229356
600221,自由贸易港,2026-07-14T17:25:05.255426
600222,CRO概念,2026-07-14T17:25:05.271570
600225,融资租赁,2026-07-14T17:25:05.291500
600223,三胎概念,2026-07-14T17:25:05.303851
600226,PET铜箔,2026-07-14T17:25:05.309236
600227,化肥,2026-07-14T17:25:05.345821
600228,人工智能,2026-07-14T17:25:05.383195
600230,国企改革,2026-07-14T17:25:05.392874
600229,IP经济(谷子经济),2026-07-14T17:25:05.399786
600231,特钢概念,2026-07-14T17:25:05.404777
600232,工业大麻,2026-07-14T17:25:05.431944
600233,统一大市场,2026-07-14T17:25:05.443441
600235,烟草,2026-07-14T17:25:05.499683
600234,算力租赁,2026-07-14T17:25:05.499714
600236,绿色电力,2026-07-14T17:25:05.504792
600237,PET铜箔,2026-07-14T17:25:05.526544
600248,煤化工概念,2026-07-14T17:25:05.580690
600249,流感,2026-07-14T17:25:05.580988
600246,存储芯片,2026-07-14T17:25:05.588918
600241,其它,2026-07-14T17:25:10.429214
600251,其它,2026-07-14T17:25:10.468041
600250,其它,2026-07-14T17:25:10.473388
600253,其它,2026-07-14T17:25:10.518905
600252,其它,2026-07-14T17:25:10.523249
600255,其它,2026-07-14T17:25:10.529532
600256,其它,2026-07-14T17:25:10.538618
600259,其它,2026-07-14T17:25:10.594227
600257,其它,2026-07-14T17:25:10.609347
600258,其它,2026-07-14T17:25:10.611625
600261,其它,2026-07-14T17:25:15.459607
600263,其它,2026-07-14T17:25:15.484566
600262,其它,2026-07-14T17:25:15.488197
600266,其它,2026-07-14T17:25:15.528076
600267,其它,2026-07-14T17:25:15.528544
600268,其它,2026-07-14T17:25:15.532882
600269,其它,2026-07-14T17:25:15.552301
600270,其它,2026-07-14T17:25:15.609163
600272,其它,2026-07-14T17:25:15.616272
600271,其它,2026-07-14T17:25:15.626823
600283,地下管网,2026-07-14T17:25:15.783190
600287,跨境电商,2026-07-14T17:25:15.941517
600273,其它,2026-07-14T17:25:20.473337
600278,其它,2026-07-14T17:25:20.513006
600276,其它,2026-07-14T17:25:20.513066
600281,其它,2026-07-14T17:25:20.549604
600280,其它,2026-07-14T17:25:20.554082
600282,其它,2026-07-14T17:25:20.565328
600279,其它,2026-07-14T17:25:20.579007
600284,其它,2026-07-14T17:25:20.623860
600285,其它,2026-07-14T17:25:20.642968
600288,其它,2026-07-14T17:25:20.941839
600292,其它,2026-07-14T17:25:25.492299
600293,其它,2026-07-14T17:25:25.539860
600296,其它,2026-07-14T17:25:25.539928
600297,其它,2026-07-14T17:25:25.563201
600298,其它,2026-07-14T17:25:25.576928
600299,其它,2026-07-14T17:25:25.583661
600295,其它,2026-07-14T17:25:25.587336
600300,其它,2026-07-14T17:25:25.620186
600301,其它,2026-07-14T17:25:25.660334
600303,其它,2026-07-14T17:25:25.984099
600305,其它,2026-07-14T17:25:30.503660
600306,其它,2026-07-14T17:25:30.558696
600307,其它,2026-07-14T17:25:30.559145
600308,其它,2026-07-14T17:25:30.583685
600309,其它,2026-07-14T17:25:30.595250
600312,其它,2026-07-14T17:25:30.608723
600310,其它,2026-07-14T17:25:30.612724
600313,其它,2026-07-14T17:25:30.634940
600315,其它,2026-07-14T17:25:30.671287
600316,其它,2026-07-14T17:25:30.985212
600317,其它,2026-07-14T17:25:35.533397
600318,其它,2026-07-14T17:25:35.584859
600319,其它,2026-07-14T17:25:35.584922
600320,其它,2026-07-14T17:25:35.595172
600322,其它,2026-07-14T17:25:35.607722
600321,其它,2026-07-14T17:25:35.610291
600323,其它,2026-07-14T17:25:35.634061
600325,其它,2026-07-14T17:25:35.657490
600326,其它,2026-07-14T17:25:35.673317
600333,天然气,2026-07-14T17:25:35.794169
600327,其它,2026-07-14T17:25:36.006197
600328,其它,2026-07-14T17:25:40.554797
600329,其它,2026-07-14T17:25:40.595863
600331,其它,2026-07-14T17:25:40.611637
600330,其它,2026-07-14T17:25:40.611656
600332,其它,2026-07-14T17:25:40.637453
600335,其它,2026-07-14T17:25:40.650351
600336,其它,2026-07-14T17:25:40.676714
600338,其它,2026-07-14T17:25:40.686757
600339,其它,2026-07-14T17:25:40.819651
600343,其它,2026-07-14T17:25:41.032858
600345,其它,2026-07-14T17:25:45.568320
600346,其它,2026-07-14T17:25:45.614185
600350,其它,2026-07-14T17:25:45.615983
600348,其它,2026-07-14T17:25:45.632250
600352,其它,2026-07-14T17:25:45.640667
600351,其它,2026-07-14T17:25:45.647789
600353,其它,2026-07-14T17:25:45.700465
600354,其它,2026-07-14T17:25:45.707637
600356,其它,2026-07-14T17:25:45.859062
600357,其它,2026-07-14T17:25:46.039928
600358,其它,2026-07-14T17:25:50.571873
600360,其它,2026-07-14T17:25:50.614322
600359,其它,2026-07-14T17:25:50.625920
600361,其它,2026-07-14T17:25:50.649712
600362,其它,2026-07-14T17:25:50.674644
600363,其它,2026-07-14T17:25:50.674712
600366,其它,2026-07-14T17:25:50.704916
600367,其它,2026-07-14T17:25:50.720870
600368,其它,2026-07-14T17:25:50.906394
600369,其它,2026-07-14T17:25:51.063659
600371,其它,2026-07-14T17:25:55.573348
600372,其它,2026-07-14T17:25:55.630340
600375,其它,2026-07-14T17:25:55.663383
600373,其它,2026-07-14T17:25:55.669012
600377,其它,2026-07-14T17:25:55.683258
600376,其它,2026-07-14T17:25:55.688200
600378,其它,2026-07-14T17:25:55.717936
600379,其它,2026-07-14T17:25:55.743747
600380,其它,2026-07-14T17:25:55.930942
600382,其它,2026-07-14T17:25:56.148559
600383,其它,2026-07-14T17:26:00.584912
600386,其它,2026-07-14T17:26:00.640044
600387,其它,2026-07-14T17:26:00.661287
600388,其它,2026-07-14T17:26:00.673676
600389,其它,2026-07-14T17:26:00.687998
600390,其它,2026-07-14T17:26:00.696569
600391,其它,2026-07-14T17:26:00.731251
600392,其它,2026-07-14T17:26:00.750777
600395,其它,2026-07-14T17:26:00.925013
600396,其它,2026-07-14T17:26:01.159325
600397,其它,2026-07-14T17:26:05.596760
600398,其它,2026-07-14T17:26:05.664104
600400,其它,2026-07-14T17:26:05.665597
600399,其它,2026-07-14T17:26:05.669735
600403,其它,2026-07-14T17:26:05.693533
600405,其它,2026-07-14T17:26:05.730525
600406,其它,2026-07-14T17:26:05.776328
600408,其它,2026-07-14T17:26:05.779295
600409,其它,2026-07-14T17:26:06.107746
600410,其它,2026-07-14T17:26:06.166235
600415,其它,2026-07-14T17:26:10.615466
600419,其它,2026-07-14T17:26:10.677428
600416,其它,2026-07-14T17:26:10.677405
600420,其它,2026-07-14T17:26:10.706759
600421,其它,2026-07-14T17:26:10.728304
600418,其它,2026-07-14T17:26:10.733331
600422,其它,2026-07-14T17:26:10.766707
600425,其它,2026-07-14T17:26:10.792263
600426,其它,2026-07-14T17:26:11.118539
600428,其它,2026-07-14T17:26:11.189532
600429,其它,2026-07-14T17:26:15.646271
600435,其它,2026-07-14T17:26:15.688710
600433,其它,2026-07-14T17:26:15.713196
600436,其它,2026-07-14T17:26:15.744702
600439,其它,2026-07-14T17:26:15.749089
600444,其它,2026-07-14T17:26:15.782447
600446,其它,2026-07-14T17:26:15.810638
600438,其它,2026-07-14T17:26:15.991273
600449,其它,2026-07-14T17:26:16.216805
600448,其它,2026-07-14T17:26:16.283512
600452,其它,2026-07-14T17:26:20.664859
600455,其它,2026-07-14T17:26:20.710137
600456,其它,2026-07-14T17:26:20.727670
600458,其它,2026-07-14T17:26:20.752743
600459,其它,2026-07-14T17:26:20.763970
600460,其它,2026-07-14T17:26:20.829184
600461,其它,2026-07-14T17:26:20.833179
600462,其它,2026-07-14T17:26:21.013419
600463,其它,2026-07-14T17:26:21.251016
600467,其它,2026-07-14T17:26:21.312630
600468,其它,2026-07-14T17:26:25.695714
600469,其它,2026-07-14T17:26:25.727543
600470,其它,2026-07-14T17:26:25.743410
600472,其它,2026-07-14T17:26:25.765985
600475,其它,2026-07-14T17:26:25.784338
600478,其它,2026-07-14T17:26:25.845690
600479,其它,2026-07-14T17:26:26.024634
600480,其它,2026-07-14T17:26:26.265288
600477,其它,2026-07-14T17:26:26.269701
600481,其它,2026-07-14T17:26:26.323278
600495,高铁,2026-07-14T17:26:26.444017
600482,其它,2026-07-14T17:26:30.715106
600486,其它,2026-07-14T17:26:30.773014
600487,其它,2026-07-14T17:26:30.775858
600488,其它,2026-07-14T17:26:30.799041
600483,其它,2026-07-14T17:26:30.841062
600489,其它,2026-07-14T17:26:30.866325
600490,其它,2026-07-14T17:26:31.060883
600493,其它,2026-07-14T17:26:31.292631
600496,其它,2026-07-14T17:26:31.357625
600497,其它,2026-07-14T17:26:31.470685
600498,其它,2026-07-14T17:26:35.729792
600500,其它,2026-07-14T17:26:35.778171
600499,其它,2026-07-14T17:26:35.788047
600501,其它,2026-07-14T17:26:35.805503
600502,其它,2026-07-14T17:26:35.850600
600503,其它,2026-07-14T17:26:35.871280
600505,其它,2026-07-14T17:26:36.088527
600506,其它,2026-07-14T17:26:36.299745
600507,其它,2026-07-14T17:26:36.368089
600508,其它,2026-07-14T17:26:36.510098
600509,其它,2026-07-14T17:26:40.749101
600511,其它,2026-07-14T17:26:40.802524
600510,其它,2026-07-14T17:26:40.802470
600512,其它,2026-07-14T17:26:40.818099
600513,其它,2026-07-14T17:26:40.864962
600515,其它,2026-07-14T17:26:40.885086
600516,其它,2026-07-14T17:26:41.104980
600517,其它,2026-07-14T17:26:41.324604
600518,其它,2026-07-14T17:26:41.381069
600519,其它,2026-07-14T17:26:41.513900
600531,金属锌,2026-07-14T17:26:41.667549
600520,其它,2026-07-14T17:26:45.767965
600523,其它,2026-07-14T17:26:45.809963
600521,其它,2026-07-14T17:26:45.820475
600522,其它,2026-07-14T17:26:45.820515
600526,其它,2026-07-14T17:26:45.876620
600527,其它,2026-07-14T17:26:45.895885
600528,其它,2026-07-14T17:26:46.115192
600529,其它,2026-07-14T17:26:46.344070
600530,其它,2026-07-14T17:26:46.393845
600533,其它,2026-07-14T17:26:46.666702
600535,其它,2026-07-14T17:26:50.803928
600538,其它,2026-07-14T17:26:50.841400
600539,其它,2026-07-14T17:26:50.843677
600536,其它,2026-07-14T17:26:50.847866
600540,其它,2026-07-14T17:26:50.890020
600545,其它,2026-07-14T17:26:50.902620
600546,其它,2026-07-14T17:26:51.124585
600547,其它,2026-07-14T17:26:51.351963
600548,其它,2026-07-14T17:26:51.415281
600549,其它,2026-07-14T17:26:51.700899
600550,其它,2026-07-14T17:26:55.806967
600553,其它,2026-07-14T17:26:55.844720
600551,其它,2026-07-14T17:26:55.849370
600552,其它,2026-07-14T17:26:55.853622
600556,其它,2026-07-14T17:26:55.895970
600557,其它,2026-07-14T17:26:55.915476
600562,大飞机,2026-07-14T17:26:55.973183
600558,其它,2026-07-14T17:26:56.135350
600559,其它,2026-07-14T17:26:56.374320
600560,其它,2026-07-14T17:26:56.421406
600561,其它,2026-07-14T17:26:56.720608
600567,其它,2026-07-14T17:27:00.862432
600563,其它,2026-07-14T17:27:00.863405
600566,其它,2026-07-14T17:27:00.867816
600569,其它,2026-07-14T17:27:00.905041
600570,其它,2026-07-14T17:27:00.932906
600571,其它,2026-07-14T17:27:00.977916
600572,其它,2026-07-14T17:27:01.174371
600573,其它,2026-07-14T17:27:01.409471
600575,其它,2026-07-14T17:27:01.461314
600576,其它,2026-07-14T17:27:01.742527
600577,其它,2026-07-14T17:27:05.864537
600578,其它,2026-07-14T17:27:05.878116
600579,其它,2026-07-14T17:27:05.883776
600580,其它,2026-07-14T17:27:05.922890
600582,其它,2026-07-14T17:27:05.961736
600583,其它,2026-07-14T17:27:06.002474
600588,ERP概念,2026-07-14T17:27:06.068400
600589,算力租赁,2026-07-14T17:27:06.073885
600590,国产航母,2026-07-14T17:27:06.080398
600592,人形机器人,2026-07-14T17:27:06.108059
600593,冰雪产业,2026-07-14T17:27:06.156721
600594,医药电商,2026-07-14T17:27:06.193175
600584,其它,2026-07-14T17:27:06.199196
600597,超级品牌,2026-07-14T17:27:06.316480
600596,草甘膦,2026-07-14T17:27:06.324028
600599,其它,2026-07-14T17:27:06.338685
600598,大豆,2026-07-14T17:27:06.333492
600595,煤炭概念,2026-07-14T17:27:06.339708
600600,超级品牌,2026-07-14T17:27:06.414489
600585,其它,2026-07-14T17:27:06.426209
600601,PCB概念,2026-07-14T17:27:06.426190
600586,其它,2026-07-14T17:27:06.488132
600602,算力租赁,2026-07-14T17:27:06.511110
600606,特色小镇,2026-07-14T17:27:06.530655
600604,租售同权,2026-07-14T17:27:06.535353
600603,新疆振兴,2026-07-14T17:27:06.530730
600605,芯片概念,2026-07-14T17:27:06.535537
600607,其它,2026-07-14T17:27:06.581388
600608,其它,2026-07-14T17:27:06.590478
600609,国企改革,2026-07-14T17:27:06.602250
600610,西部大开发,2026-07-14T17:27:06.663853
600611,网约车,2026-07-14T17:27:06.712956
600612,IP经济(谷子经济),2026-07-14T17:27:06.713125
600616,上海国企改革,2026-07-14T17:27:06.718439
600613,医药电商,2026-07-14T17:27:06.728534
600615,农机,2026-07-14T17:27:06.728647
600587,其它,2026-07-14T17:27:06.761691
600618,环氧丙烷,2026-07-14T17:27:06.761930
600619,光刻机,2026-07-14T17:27:06.769123
600617,天然气,2026-07-14T17:27:06.761709
600620,民营医院,2026-07-14T17:27:06.834943
600623,煤化工概念,2026-07-14T17:27:06.900713
600626,上海自贸区,2026-07-14T17:27:06.911708
600621,期货概念,2026-07-14T17:27:06.911744
600622,物业管理,2026-07-14T17:27:06.916678
600631,其它,2026-07-14T17:27:06.926556
600627,其它,2026-07-14T17:27:06.934418
600629,上海国企改革,2026-07-14T17:27:06.951143
600628,冰雪产业,2026-07-14T17:27:06.954453
600630,网红经济,2026-07-14T17:27:06.961138
600632,其它,2026-07-14T17:27:07.007926
600636,其它,2026-07-14T17:27:07.089596
600633,算力租赁,2026-07-14T17:27:07.107833
600635,天然气,2026-07-14T17:27:07.108007
600637,AI智能体,2026-07-14T17:27:07.131063
600638,物业管理,2026-07-14T17:27:07.141438
600639,物业管理,2026-07-14T17:27:07.135941
600641,第三代半导体,2026-07-14T17:27:07.146719
600640,AI视频,2026-07-14T17:27:07.163726
600642,高股息精选,2026-07-14T17:27:07.163781
600643,信托概念,2026-07-14T17:27:07.184603
600645,细胞免疫治疗,2026-07-14T17:27:07.288435
600647,其它,2026-07-14T17:27:07.298049
600644,绿色电力,2026-07-14T17:27:07.294496
600648,自由贸易港,2026-07-14T17:27:07.319923
600651,上海国企改革,2026-07-14T17:27:07.329992
600653,物业管理,2026-07-14T17:27:07.343171
600654,网络安全,2026-07-14T17:27:07.342979
600650,网约车,2026-07-14T17:27:07.352524
600655,白酒概念,2026-07-14T17:27:07.366351
600649,租售同权,2026-07-14T17:27:07.363537
600657,物业管理,2026-07-14T17:27:07.486387
600660,证金持股,2026-07-14T17:27:07.486457
600658,京津冀一体化,2026-07-14T17:27:07.491592
600661,养老概念,2026-07-14T17:27:07.506446
600662,上海国企改革,2026-07-14T17:27:07.536179
600663,物业管理,2026-07-14T17:27:07.536357
600665,物业管理,2026-07-14T17:27:07.547439
600664,流感,2026-07-14T17:27:07.556153
600666,算力租赁,2026-07-14T17:27:07.563353
600667,存储芯片,2026-07-14T17:27:07.563757
600674,证金持股,2026-07-14T17:27:07.675752
600668,医药电商,2026-07-14T17:27:07.689379
600671,眼科医疗,2026-07-14T17:27:07.689695
600673,算力租赁,2026-07-14T17:27:07.730537
600675,其它,2026-07-14T17:27:12.571283
600676,其它,2026-07-14T17:27:12.577532
600683,其它,2026-07-14T17:27:12.577967
600682,其它,2026-07-14T17:27:12.582073
600679,其它,2026-07-14T17:27:12.579537
600681,其它,2026-07-14T17:27:12.607079
600684,其它,2026-07-14T17:27:12.705960
600686,其它,2026-07-14T17:27:12.711679
600685,其它,2026-07-14T17:27:12.719116
600688,其它,2026-07-14T17:27:12.732806
600689,其它,2026-07-14T17:27:17.584360
600690,其它,2026-07-14T17:27:17.590691
600691,其它,2026-07-14T17:27:17.592871
600693,其它,2026-07-14T17:27:17.605445
600692,其它,2026-07-14T17:27:17.610589
600694,其它,2026-07-14T17:27:17.631439
600697,其它,2026-07-14T17:27:17.725155
600696,其它,2026-07-14T17:27:17.728940
600699,其它,2026-07-14T17:27:17.744655
600698,其它,2026-07-14T17:27:17.746022
600704,其它,2026-07-14T17:27:22.610924
600705,其它,2026-07-14T17:27:22.613776
600706,其它,2026-07-14T17:27:22.616898
600703,其它,2026-07-14T17:27:22.610797
600707,其它,2026-07-14T17:27:22.630187
600702,其它,2026-07-14T17:27:22.611681
600711,其它,2026-07-14T17:27:22.752930
600712,其它,2026-07-14T17:27:22.752899
600710,其它,2026-07-14T17:27:22.756870
600708,其它,2026-07-14T17:27:22.762770
600715,其它,2026-07-14T17:27:27.624675
600713,其它,2026-07-14T17:27:27.628415
600716,其它,2026-07-14T17:27:27.630693
600714,其它,2026-07-14T17:27:27.634479
600717,其它,2026-07-14T17:27:27.641235
600718,其它,2026-07-14T17:27:27.676688
600719,其它,2026-07-14T17:27:27.841458
600722,其它,2026-07-14T17:27:27.846907
600720,其它,2026-07-14T17:27:27.855418
600721,其它,2026-07-14T17:27:27.860723
600725,其它,2026-07-14T17:27:32.635127
600724,其它,2026-07-14T17:27:32.649149
600727,其它,2026-07-14T17:27:32.658346
600723,其它,2026-07-14T17:27:32.658320
600726,其它,2026-07-14T17:27:32.670702
600728,其它,2026-07-14T17:27:32.700022
600729,其它,2026-07-14T17:27:32.860560
600732,其它,2026-07-14T17:27:32.866032
600731,其它,2026-07-14T17:27:32.870229
600733,其它,2026-07-14T17:27:32.873726
600737,其它,2026-07-14T17:27:37.655062
600736,其它,2026-07-14T17:27:37.656052
600738,其它,2026-07-14T17:27:37.654992
600739,其它,2026-07-14T17:27:37.678114
600740,其它,2026-07-14T17:27:37.678158
600741,其它,2026-07-14T17:27:37.695517
600746,其它,2026-07-14T17:27:37.884548
600742,其它,2026-07-14T17:27:37.891690
600744,其它,2026-07-14T17:27:37.891654
600743,其它,2026-07-14T17:27:37.909177
600748,其它,2026-07-14T17:27:42.678117
600750,其它,2026-07-14T17:27:42.682440
600749,其它,2026-07-14T17:27:42.684543
600751,其它,2026-07-14T17:27:42.699472
600755,其它,2026-07-14T17:27:42.707345
600754,其它,2026-07-14T17:27:42.716079
600756,其它,2026-07-14T17:27:42.897463
600760,其它,2026-07-14T17:27:42.901624
600757,其它,2026-07-14T17:27:42.907952
600758,其它,2026-07-14T17:27:42.907976
600764,其它,2026-07-14T17:27:47.697589
600763,其它,2026-07-14T17:27:47.703367
600761,其它,2026-07-14T17:27:47.703412
600766,其它,2026-07-14T17:27:47.714522
600765,其它,2026-07-14T17:27:47.718248
600768,其它,2026-07-14T17:27:47.735931
600770,其它,2026-07-14T17:27:47.921807
600769,其它,2026-07-14T17:27:47.923162
600771,其它,2026-07-14T17:27:47.938730
600773,其它,2026-07-14T17:27:47.945946
600776,其它,2026-07-14T17:27:52.721706
600775,其它,2026-07-14T17:27:52.721650
600774,其它,2026-07-14T17:27:52.736800
600777,其它,2026-07-14T17:27:52.738362
600778,其它,2026-07-14T17:27:52.760433
600779,其它,2026-07-14T17:27:52.766416
600780,其它,2026-07-14T17:27:52.942493
600783,其它,2026-07-14T17:27:52.945641
600782,其它,2026-07-14T17:27:52.951313
600784,其它,2026-07-14T17:27:52.974146
600786,其它,2026-07-14T17:27:57.742144
600785,其它,2026-07-14T17:27:57.747779
600787,其它,2026-07-14T17:27:57.763782
600789,其它,2026-07-14T17:27:57.782950
600791,其它,2026-07-14T17:27:57.783041
600790,其它,2026-07-14T17:27:57.783016
600794,其它,2026-07-14T17:27:57.960621
600793,其它,2026-07-14T17:27:57.964135
600792,其它,2026-07-14T17:27:57.964018
600795,其它,2026-07-14T17:27:58.007319
600796,其它,2026-07-14T17:28:02.749865
600800,其它,2026-07-14T17:28:02.771643
600797,其它,2026-07-14T17:28:02.776400
600801,其它,2026-07-14T17:28:02.784880
600802,其它,2026-07-14T17:28:02.784897
600798,其它,2026-07-14T17:28:02.789935
600805,其它,2026-07-14T17:28:03.002107
600804,其它,2026-07-14T17:28:03.002197
600803,其它,2026-07-14T17:28:03.002160
600807,其它,2026-07-14T17:28:03.013488
600808,其它,2026-07-14T17:28:07.772166
600810,其它,2026-07-14T17:28:07.789803
600814,其它,2026-07-14T17:28:07.795490
600812,其它,2026-07-14T17:28:07.796836
600815,其它,2026-07-14T17:28:07.795575
600809,其它,2026-07-14T17:28:07.795538
600817,其它,2026-07-14T17:28:08.019584
600820,其它,2026-07-14T17:28:08.028939
600816,其它,2026-07-14T17:28:08.030185
600819,其它,2026-07-14T17:28:08.041906
600821,其它,2026-07-14T17:28:12.785253
600826,其它,2026-07-14T17:28:12.798535
600824,其它,2026-07-14T17:28:12.807135
600827,其它,2026-07-14T17:28:12.808844
600822,其它,2026-07-14T17:28:12.813003
600825,其它,2026-07-14T17:28:12.813448
600828,其它,2026-07-14T17:28:13.040479
600830,其它,2026-07-14T17:28:13.042887
600829,其它,2026-07-14T17:28:13.065191
600831,其它,2026-07-14T17:28:13.069676
600832,其它,2026-07-14T17:28:17.788745
600835,其它,2026-07-14T17:28:17.823279
600837,其它,2026-07-14T17:28:17.829791
600838,其它,2026-07-14T17:28:17.832185
600834,其它,2026-07-14T17:28:17.832287
600841,其它,2026-07-14T17:28:18.073623
600840,其它,2026-07-14T17:28:18.080180
600839,其它,2026-07-14T17:28:18.081133
600842,其它,2026-07-14T17:28:18.091375
600833,其它,2026-07-14T17:28:18.117359
600843,其它,2026-07-14T17:28:22.818430
600846,其它,2026-07-14T17:28:22.872767
600844,其它,2026-07-14T17:28:22.876377
600847,其它,2026-07-14T17:28:22.873614
600845,其它,2026-07-14T17:28:23.028329
600853,其它,2026-07-14T17:28:23.112276
600850,其它,2026-07-14T17:28:23.113651
600848,其它,2026-07-14T17:28:23.115376
600851,其它,2026-07-14T17:28:23.131246
600854,其它,2026-07-14T17:28:23.139554
600858,其它,2026-07-14T17:28:27.901947
600855,其它,2026-07-14T17:28:27.935594
600859,其它,2026-07-14T17:28:27.940927
600857,其它,2026-07-14T17:28:27.940890
600860,其它,2026-07-14T17:28:28.045107
600861,其它,2026-07-14T17:28:28.123284
600865,其它,2026-07-14T17:28:28.142473
600863,其它,2026-07-14T17:28:28.142512
600864,其它,2026-07-14T17:28:28.153283
600862,其它,2026-07-14T17:28:28.153224
600866,其它,2026-07-14T17:28:32.912541
600869,其它,2026-07-14T17:28:32.957323
600868,其它,2026-07-14T17:28:32.965849
600867,其它,2026-07-14T17:28:33.004646
600871,其它,2026-07-14T17:28:33.059193
600872,其它,2026-07-14T17:28:33.134184
600874,其它,2026-07-14T17:28:33.147956
600873,其它,2026-07-14T17:28:33.151421
600876,其它,2026-07-14T17:28:33.195033
600875,其它,2026-07-14T17:28:33.195644
600877,其它,2026-07-14T17:28:37.965372
600880,其它,2026-07-14T17:28:37.977472
600879,其它,2026-07-14T17:28:37.983899
600881,其它,2026-07-14T17:28:38.024353
600882,其它,2026-07-14T17:28:38.113319
600883,其它,2026-07-14T17:28:38.179733
600884,其它,2026-07-14T17:28:38.211300
600885,其它,2026-07-14T17:28:38.231740
600887,其它,2026-07-14T17:28:38.289551
600886,其它,2026-07-14T17:28:38.295447
600888,其它,2026-07-14T17:28:42.984187
600892,其它,2026-07-14T17:28:42.988774
600893,其它,2026-07-14T17:28:43.012282
600894,其它,2026-07-14T17:28:43.056463
600895,其它,2026-07-14T17:28:43.134838
600897,其它,2026-07-14T17:28:43.199616
600900,其它,2026-07-14T17:28:43.236433
600901,其它,2026-07-14T17:28:43.261116
600903,其它,2026-07-14T17:28:43.312383
600905,其它,2026-07-14T17:28:43.321560
600906,其它,2026-07-14T17:28:48.007994
600908,其它,2026-07-14T17:28:48.017776
600909,其它,2026-07-14T17:28:48.034231
600916,其它,2026-07-14T17:28:48.088476
600917,其它,2026-07-14T17:28:48.150532
600918,其它,2026-07-14T17:28:48.211716
600919,其它,2026-07-14T17:28:48.254478
600925,其它,2026-07-14T17:28:48.284565
600927,其它,2026-07-14T17:28:48.330272
600926,其它,2026-07-14T17:28:48.330729
600928,其它,2026-07-14T17:28:53.023888
600929,其它,2026-07-14T17:28:53.043404
600933,其它,2026-07-14T17:28:53.049331
600935,其它,2026-07-14T17:28:53.130300
600936,其它,2026-07-14T17:28:53.178184
600938,其它,2026-07-14T17:28:53.215172
600939,其它,2026-07-14T17:28:53.276015
600941,其它,2026-07-14T17:28:53.289335
600956,其它,2026-07-14T17:28:53.351699
600955,其它,2026-07-14T17:28:53.351739
600959,其它,2026-07-14T17:28:58.066603
600960,其它,2026-07-14T17:28:58.066538
600961,其它,2026-07-14T17:28:58.145312
600958,其它,2026-07-14T17:28:58.145251
600962,其它,2026-07-14T17:28:58.184207
600963,其它,2026-07-14T17:28:58.233234
600966,其它,2026-07-14T17:28:58.289985
600969,其它,2026-07-14T17:28:58.364453
600968,其它,2026-07-14T17:28:58.372613
600967,其它,2026-07-14T17:28:58.448560
600971,其它,2026-07-14T17:29:03.082421
600970,其它,2026-07-14T17:29:03.087973
600973,其它,2026-07-14T17:29:03.150899
600975,其它,2026-07-14T17:29:03.156495
600976,其它,2026-07-14T17:29:03.193034
600977,其它,2026-07-14T17:29:03.241890
600979,其它,2026-07-14T17:29:03.330746
600980,其它,2026-07-14T17:29:03.382758
600981,其它,2026-07-14T17:29:03.398979
600982,其它,2026-07-14T17:29:03.484701
600983,其它,2026-07-14T17:29:08.083240
600984,其它,2026-07-14T17:29:08.096731
600986,其它,2026-07-14T17:29:08.169892
600985,其它,2026-07-14T17:29:08.172610
600987,其它,2026-07-14T17:29:08.246033
600988,其它,2026-07-14T17:29:08.266749
600989,其它,2026-07-14T17:29:08.326167
600990,其它,2026-07-14T17:29:08.384857
600991,其它,2026-07-14T17:29:08.413476
600992,其它,2026-07-14T17:29:08.514554
600995,其它,2026-07-14T17:29:13.128937
600996,其它,2026-07-14T17:29:13.176737
600997,其它,2026-07-14T17:29:13.183683
600993,其它,2026-07-14T17:29:13.200876
600998,其它,2026-07-14T17:29:13.280901
600999,其它,2026-07-14T17:29:13.286135
601000,其它,2026-07-14T17:29:13.338296
601001,其它,2026-07-14T17:29:13.413917
601002,其它,2026-07-14T17:29:13.416056
601003,其它,2026-07-14T17:29:13.518237
601005,其它,2026-07-14T17:29:18.150219
601006,其它,2026-07-14T17:29:18.199004
601007,其它,2026-07-14T17:29:18.210240
601008,其它,2026-07-14T17:29:18.215261
601011,其它,2026-07-14T17:29:18.298111
601009,其它,2026-07-14T17:29:18.308636
601012,其它,2026-07-14T17:29:18.345773
601016,其它,2026-07-14T17:29:18.430297
601015,其它,2026-07-14T17:29:18.437631
601018,其它,2026-07-14T17:29:18.543108
601019,其它,2026-07-14T17:29:23.176622
601022,其它,2026-07-14T17:29:23.244013
601021,其它,2026-07-14T17:29:23.245803
601020,其它,2026-07-14T17:29:23.306991
601028,其它,2026-07-14T17:29:23.308527
601038,其它,2026-07-14T17:29:23.318110
601058,其它,2026-07-14T17:29:23.349790
601061,其它,2026-07-14T17:29:23.433733
601059,其它,2026-07-14T17:29:23.440785
601065,其它,2026-07-14T17:29:23.602331
601066,其它,2026-07-14T17:29:28.219549
601068,其它,2026-07-14T17:29:28.283913
601069,其它,2026-07-14T17:29:28.285657
601086,其它,2026-07-14T17:29:28.332389
601077,其它,2026-07-14T17:29:28.333168
601088,其它,2026-07-14T17:29:28.340886
601089,其它,2026-07-14T17:29:28.387444
601098,其它,2026-07-14T17:29:28.448311
601099,其它,2026-07-14T17:29:28.487957
601100,其它,2026-07-14T17:29:28.600646
601106,其它,2026-07-14T17:29:33.309477
601107,其它,2026-07-14T17:29:33.312351
601101,其它,2026-07-14T17:29:33.320005
601108,其它,2026-07-14T17:29:33.354912
601111,其它,2026-07-14T17:29:33.373695
601113,其它,2026-07-14T17:29:33.377427
601116,其它,2026-07-14T17:29:33.409071
601117,其它,2026-07-14T17:29:33.493373
601118,其它,2026-07-14T17:29:33.496754
601121,其它,2026-07-14T17:29:33.613037
601127,其它,2026-07-14T17:29:38.329800
601128,其它,2026-07-14T17:29:38.329866
601133,其它,2026-07-14T17:29:38.367486
601136,其它,2026-07-14T17:29:38.391545
601137,其它,2026-07-14T17:29:38.400442
601126,其它,2026-07-14T17:29:38.438924
601156,其它,2026-07-14T17:29:38.620019
601139,其它,2026-07-14T17:29:38.699250
601138,其它,2026-07-14T17:29:38.700752
601155,其它,2026-07-14T17:29:39.076656
601158,其它,2026-07-14T17:29:43.327476
601163,其它,2026-07-14T17:29:43.383726
601168,其它,2026-07-14T17:29:43.411692
601166,其它,2026-07-14T17:29:43.416686
601162,其它,2026-07-14T17:29:43.461551
601177,其它,2026-07-14T17:29:43.666490
601186,其它,2026-07-14T17:29:43.707039
601179,其它,2026-07-14T17:29:43.717239
601169,其它,2026-07-14T17:29:43.830977
601187,其它,2026-07-14T17:29:44.158799
601188,其它,2026-07-14T17:29:48.344039
601198,其它,2026-07-14T17:29:48.416525
601200,其它,2026-07-14T17:29:48.418629
601199,其它,2026-07-14T17:29:48.450818
601208,其它,2026-07-14T17:29:48.480890
601211,其它,2026-07-14T17:29:48.683677
601216,其它,2026-07-14T17:29:48.723366
601212,其它,2026-07-14T17:29:48.723411
601218,其它,2026-07-14T17:29:48.847253
601222,其它,2026-07-14T17:29:49.165861
601225,其它,2026-07-14T17:29:53.379841
601228,其它,2026-07-14T17:29:53.427051
601226,其它,2026-07-14T17:29:53.446776
601229,其它,2026-07-14T17:29:53.482675
601231,其它,2026-07-14T17:29:53.507120
601233,其它,2026-07-14T17:29:53.707126
601236,其它,2026-07-14T17:29:53.718164
601238,其它,2026-07-14T17:29:53.770758
601279,其它,2026-07-14T17:29:53.872342
601330,生物质能发电,2026-07-14T17:29:53.935415
601288,其它,2026-07-14T17:29:54.195341
601298,其它,2026-07-14T17:29:58.399352
601299,其它,2026-07-14T17:29:58.458761
601311,其它,2026-07-14T17:29:58.472795
601318,其它,2026-07-14T17:29:58.512594
601319,其它,2026-07-14T17:29:58.547721
601326,其它,2026-07-14T17:29:58.720987
601328,其它,2026-07-14T17:29:58.739743
601333,其它,2026-07-14T17:29:58.882400
601336,其它,2026-07-14T17:29:58.926468
601339,其它,2026-07-14T17:29:59.212247
601360,其它,2026-07-14T17:30:03.431803
601366,其它,2026-07-14T17:30:03.484465
601368,其它,2026-07-14T17:30:03.484541
601369,其它,2026-07-14T17:30:03.545991
601375,其它,2026-07-14T17:30:03.558165
601377,其它,2026-07-14T17:30:03.747443
601388,其它,2026-07-14T17:30:03.751785
601390,其它,2026-07-14T17:30:03.904865
601398,其它,2026-07-14T17:30:03.939820
601399,其它,2026-07-14T17:30:04.245898
601456,其它,2026-07-14T17:30:08.474639
601512,其它,2026-07-14T17:30:08.517848
601500,其它,2026-07-14T17:30:08.520408
601518,其它,2026-07-14T17:30:08.571487
601515,其它,2026-07-14T17:30:08.579519
601519,其它,2026-07-14T17:30:08.808490
601528,其它,2026-07-14T17:30:08.810757
601555,其它,2026-07-14T17:30:08.911763
601566,其它,2026-07-14T17:30:09.069581
601567,其它,2026-07-14T17:30:09.284424
601568,其它,2026-07-14T17:30:13.499064
601577,其它,2026-07-14T17:30:13.540729
601579,其它,2026-07-14T17:30:13.551093
601588,其它,2026-07-14T17:30:13.606771
601595,其它,2026-07-14T17:30:13.641742
601599,其它,2026-07-14T17:30:13.825624
601598,其它,2026-07-14T17:30:13.831827
601600,其它,2026-07-14T17:30:13.930899
601601,其它,2026-07-14T17:30:14.103035
601606,其它,2026-07-14T17:30:14.312773
601607,其它,2026-07-14T17:30:18.513442
601608,其它,2026-07-14T17:30:18.561614
601609,其它,2026-07-14T17:30:18.574328
601611,其它,2026-07-14T17:30:18.628252
601615,其它,2026-07-14T17:30:18.660663
601618,其它,2026-07-14T17:30:18.835532
601616,其它,2026-07-14T17:30:18.839327
601619,其它,2026-07-14T17:30:18.953755
601628,其它,2026-07-14T17:30:19.127540
601633,其它,2026-07-14T17:30:19.316147
601636,其它,2026-07-14T17:30:23.534020
601665,其它,2026-07-14T17:30:23.582253
601658,其它,2026-07-14T17:30:23.599901
601666,其它,2026-07-14T17:30:23.653947
601668,其它,2026-07-14T17:30:23.675616
601677,其它,2026-07-14T17:30:23.850398
601669,其它,2026-07-14T17:30:23.856284
601678,其它,2026-07-14T17:30:23.949787
601686,其它,2026-07-14T17:30:24.178053
601688,其它,2026-07-14T17:30:24.306629
601689,其它,2026-07-14T17:30:28.562364
601696,其它,2026-07-14T17:30:28.599988
601698,其它,2026-07-14T17:30:28.616862
601699,其它,2026-07-14T17:30:28.690432
601700,其它,2026-07-14T17:30:28.692304
601702,其它,2026-07-14T17:30:28.864433
601717,其它,2026-07-14T17:30:28.901139
601727,其它,2026-07-14T17:30:28.970184
601728,其它,2026-07-14T17:30:29.187702
601766,其它,2026-07-14T17:30:29.317165
601777,其它,2026-07-14T17:30:33.588621
601788,其它,2026-07-14T17:30:33.641588
601778,其它,2026-07-14T17:30:33.641518
601798,其它,2026-07-14T17:30:33.763632
601800,其它,2026-07-14T17:30:33.923853
601789,其它,2026-07-14T17:30:34.002888
601801,其它,2026-07-14T17:30:34.003615
601799,其它,2026-07-14T17:30:34.148225
601808,其它,2026-07-14T17:30:34.233211
601811,其它,2026-07-14T17:30:34.359699
601816,其它,2026-07-14T17:30:38.613725
601818,其它,2026-07-14T17:30:38.661587
601825,其它,2026-07-14T17:30:38.673121
601827,其它,2026-07-14T17:30:38.784479
601828,其它,2026-07-14T17:30:38.941484
601838,其它,2026-07-14T17:30:39.022257
601857,其它,2026-07-14T17:30:39.024802
601858,其它,2026-07-14T17:30:39.169749
601860,其它,2026-07-14T17:30:39.247480
601865,其它,2026-07-14T17:30:39.374957
601866,其它,2026-07-14T17:30:43.625263
601868,其它,2026-07-14T17:30:43.690407
601869,其它,2026-07-14T17:30:43.708890
601872,其它,2026-07-14T17:30:43.809133
601877,其它,2026-07-14T17:30:43.931344
601878,其它,2026-07-14T17:30:44.019195
601880,其它,2026-07-14T17:30:44.039661
601881,其它,2026-07-14T17:30:44.183560
601882,其它,2026-07-14T17:30:44.259664
601886,其它,2026-07-14T17:30:44.376884
601888,其它,2026-07-14T17:30:48.643714
601898,其它,2026-07-14T17:30:48.726287
601890,其它,2026-07-14T17:30:48.731392
601899,其它,2026-07-14T17:30:48.825050
601900,其它,2026-07-14T17:30:48.927508
601901,其它,2026-07-14T17:30:49.017015
601908,其它,2026-07-14T17:30:49.046029
601916,其它,2026-07-14T17:30:49.212838
601918,其它,2026-07-14T17:30:49.278023
601919,其它,2026-07-14T17:30:49.392226
601921,其它,2026-07-14T17:30:53.670312
601928,其它,2026-07-14T17:30:53.750708
601933,其它,2026-07-14T17:30:53.851195
601929,其它,2026-07-14T17:30:53.858654
601939,其它,2026-07-14T17:30:53.938084
601949,其它,2026-07-14T17:30:54.036094
601952,其它,2026-07-14T17:30:54.068678
601956,其它,2026-07-14T17:30:54.234047
601958,其它,2026-07-14T17:30:54.294767
601963,其它,2026-07-14T17:30:54.404362
601966,其它,2026-07-14T17:30:58.780002
601965,其它,2026-07-14T17:30:58.786544
601969,其它,2026-07-14T17:30:58.881388
601968,其它,2026-07-14T17:30:58.882973
601975,其它,2026-07-14T17:30:58.959676
601985,其它,2026-07-14T17:30:59.051964
601988,其它,2026-07-14T17:30:59.100046
601989,其它,2026-07-14T17:30:59.249190
601990,其它,2026-07-14T17:30:59.309290
601991,其它,2026-07-14T17:30:59.414305
601995,其它,2026-07-14T17:31:03.783968
601997,其它,2026-07-14T17:31:03.912515
601996,其它,2026-07-14T17:31:03.912437
601992,其它,2026-07-14T17:31:03.996855
601999,其它,2026-07-14T17:31:04.061620
603000,其它,2026-07-14T17:31:04.115972
603001,其它,2026-07-14T17:31:04.254408
603002,其它,2026-07-14T17:31:04.320468
601998,其它,2026-07-14T17:31:04.371762
603003,其它,2026-07-14T17:31:04.424129
603012,长三角一体化,2026-07-14T17:31:07.740677
603013,长安汽车概念,2026-07-14T17:31:07.810997
603015,工业母机,2026-07-14T17:31:07.894422
603017,建筑节能,2026-07-14T17:31:07.927249
603016,国企改革,2026-07-14T17:31:07.927426
603018,乡村振兴,2026-07-14T17:31:08.013354
603019,中国AI50,2026-07-14T17:31:08.072743
603020,烟草,2026-07-14T17:31:08.105988
603022,光伏建筑一体化,2026-07-14T17:31:08.138596
603023,EDR概念,2026-07-14T17:31:08.172787
603025,量子科技,2026-07-14T17:31:08.252013
603026,氟化工概念,2026-07-14T17:31:08.334088
603027,西部大开发,2026-07-14T17:31:08.338217
603028,专精特新,2026-07-14T17:31:08.352341
603029,供销社,2026-07-14T17:31:08.464590
603031,共封装光学(CPO),2026-07-14T17:31:08.503645
603030,装配式建筑,2026-07-14T17:31:08.503778
603032,固态电池,2026-07-14T17:31:08.532119
603033,可降解塑料,2026-07-14T17:31:08.646177
603036,天然气,2026-07-14T17:31:08.697695
603035,华为汽车,2026-07-14T17:31:08.697873
603037,华为汽车,2026-07-14T17:31:08.713456
603005,其它,2026-07-14T17:31:08.824319
603038,净水概念,2026-07-14T17:31:08.838820
603040,汽车热管理,2026-07-14T17:31:08.901308
603041,建筑节能,2026-07-14T17:31:08.901515
603039,华为盘古,2026-07-14T17:31:08.901499
603006,其它,2026-07-14T17:31:08.921110
603007,其它,2026-07-14T17:31:08.950531
603009,其它,2026-07-14T17:31:09.012699
603043,超级品牌,2026-07-14T17:31:09.026437
603042,光纤概念,2026-07-14T17:31:09.033823
603050,金属回收,2026-07-14T17:31:09.076878
603048,共同富裕示范区,2026-07-14T17:31:09.089648
603051,钙钛矿电池,2026-07-14T17:31:09.097815
603010,其它,2026-07-14T17:31:09.106252
603045,汽车电子,2026-07-14T17:31:09.106083
603052,共封装光学(CPO),2026-07-14T17:31:09.136222
603011,其它,2026-07-14T17:31:09.136829
603053,天然气,2026-07-14T17:31:09.197049
603055,一带一路,2026-07-14T17:31:09.197239
603056,进口博览会,2026-07-14T17:31:09.200946
603057,预制菜,2026-07-14T17:31:09.244451
603059,三胎概念,2026-07-14T17:31:09.273422
603058,烟草,2026-07-14T17:31:09.279807
603061,芯片概念,2026-07-14T17:31:09.284199
603060,房屋检测,2026-07-14T17:31:09.290675
603063,光伏概念,2026-07-14T17:31:09.313114
603065,专精特新,2026-07-14T17:31:09.313292
603066,跨境电商,2026-07-14T17:31:09.374855
603067,军工,2026-07-14T17:31:09.375120
603069,海南自贸区,2026-07-14T17:31:09.423222
603073,中俄贸易概念,2026-07-14T17:31:09.458322
603068,MCU芯片,2026-07-14T17:31:09.463535
603070,智能电网,2026-07-14T17:31:09.479169
603075,医疗器械概念,2026-07-14T17:31:09.484578
603071,煤炭概念,2026-07-14T17:31:09.497811
603077,草甘膦,2026-07-14T17:31:09.498198
603076,啤酒概念,2026-07-14T17:31:09.507685
603078,光刻胶,2026-07-14T17:31:09.536289
603079,维生素,2026-07-14T17:31:09.548124
603080,天然气,2026-07-14T17:31:09.618049
603081,其它,2026-07-14T17:31:14.491385
603089,其它,2026-07-14T17:31:14.508938
603088,其它,2026-07-14T17:31:14.515130
603087,其它,2026-07-14T17:31:14.523202
603086,其它,2026-07-14T17:31:14.523574
603085,其它,2026-07-14T17:31:14.527701
603093,其它,2026-07-14T17:31:14.543944
603095,其它,2026-07-14T17:31:14.636066
603083,其它,2026-07-14T17:31:14.918687
603090,其它,2026-07-14T17:31:15.770276
603096,其它,2026-07-14T17:31:19.511142
603098,其它,2026-07-14T17:31:19.522073
603097,其它,2026-07-14T17:31:19.524859
603099,其它,2026-07-14T17:31:19.547966
603101,其它,2026-07-14T17:31:19.560743
603102,其它,2026-07-14T17:31:19.562261
603100,其它,2026-07-14T17:31:19.571585
603103,其它,2026-07-14T17:31:19.664557
603105,其它,2026-07-14T17:31:19.944815
603106,其它,2026-07-14T17:31:20.805179
603110,其它,2026-07-14T17:31:24.544789
603108,其它,2026-07-14T17:31:24.548778
603109,其它,2026-07-14T17:31:24.554472
603112,其它,2026-07-14T17:31:24.566056
603111,其它,2026-07-14T17:31:24.574680
603113,其它,2026-07-14T17:31:24.578612
603115,其它,2026-07-14T17:31:24.597530
603116,其它,2026-07-14T17:31:24.688758
603117,其它,2026-07-14T17:31:24.948078
603118,其它,2026-07-14T17:31:25.826937
603119,其它,2026-07-14T17:31:29.572669
603121,其它,2026-07-14T17:31:29.577724
603123,其它,2026-07-14T17:31:29.574303
603126,其它,2026-07-14T17:31:29.587365
603125,其它,2026-07-14T17:31:29.596492
603122,其它,2026-07-14T17:31:29.574231
603127,其它,2026-07-14T17:31:29.650436
603128,其它,2026-07-14T17:31:29.735852
603129,其它,2026-07-14T17:31:29.965494
603130,其它,2026-07-14T17:31:30.878872
603135,其它,2026-07-14T17:31:34.583244
603131,其它,2026-07-14T17:31:34.588278
603132,其它,2026-07-14T17:31:34.592487
603133,其它,2026-07-14T17:31:34.600831
603136,其它,2026-07-14T17:31:34.619832
603137,其它,2026-07-14T17:31:34.632711
603138,其它,2026-07-14T17:31:34.681038
603139,其它,2026-07-14T17:31:34.733880
603150,其它,2026-07-14T17:31:34.975860
603151,其它,2026-07-14T17:31:35.890903
603155,其它,2026-07-14T17:31:39.600679
603156,其它,2026-07-14T17:31:39.612683
603158,其它,2026-07-14T17:31:39.618239
603159,其它,2026-07-14T17:31:39.634567
603160,其它,2026-07-14T17:31:39.645374
603161,其它,2026-07-14T17:31:39.683876
603162,其它,2026-07-14T17:31:39.754271
603153,其它,2026-07-14T17:31:39.776670
603163,其它,2026-07-14T17:31:39.983707
603165,其它,2026-07-14T17:31:40.924212
603167,其它,2026-07-14T17:31:44.615575
603166,其它,2026-07-14T17:31:44.615654
603168,其它,2026-07-14T17:31:44.629430
603169,其它,2026-07-14T17:31:44.662774
603170,其它,2026-07-14T17:31:44.662698
603171,其它,2026-07-14T17:31:44.712375
603172,其它,2026-07-14T17:31:44.772437
603173,其它,2026-07-14T17:31:44.778305
603176,其它,2026-07-14T17:31:45.009805
603177,其它,2026-07-14T17:31:45.946077
603178,其它,2026-07-14T17:31:49.623693
603179,其它,2026-07-14T17:31:49.632236
603180,其它,2026-07-14T17:31:49.648642
603182,其它,2026-07-14T17:31:49.686493
603181,其它,2026-07-14T17:31:49.692584
603183,其它,2026-07-14T17:31:49.743815
603186,其它,2026-07-14T17:31:49.788375
603185,其它,2026-07-14T17:31:49.788324
603187,其它,2026-07-14T17:31:50.017955
603188,其它,2026-07-14T17:31:50.966984
603190,其它,2026-07-14T17:31:54.643826
603192,其它,2026-07-14T17:31:54.652616
603191,其它,2026-07-14T17:31:54.653969
603193,其它,2026-07-14T17:31:54.694519
603195,其它,2026-07-14T17:31:54.715202
603196,其它,2026-07-14T17:31:54.773169
603197,其它,2026-07-14T17:31:54.800809
603198,其它,2026-07-14T17:31:54.814563
603199,其它,2026-07-14T17:31:55.030279
603200,其它,2026-07-14T17:31:55.982434
603203,其它,2026-07-14T17:31:59.668972
603206,其它,2026-07-14T17:31:59.669033
603201,其它,2026-07-14T17:31:59.668898
603208,其它,2026-07-14T17:31:59.725661
603209,其它,2026-07-14T17:31:59.727717
603211,其它,2026-07-14T17:31:59.789156
603212,其它,2026-07-14T17:31:59.817279
603213,其它,2026-07-14T17:31:59.820611
603214,其它,2026-07-14T17:32:00.038201
603215,其它,2026-07-14T17:32:01.009995
603216,其它,2026-07-14T17:32:04.697011
603217,其它,2026-07-14T17:32:04.702127
603218,其它,2026-07-14T17:32:04.707762
603219,其它,2026-07-14T17:32:04.750572
603220,其它,2026-07-14T17:32:04.755975
603221,其它,2026-07-14T17:32:04.825512
603222,其它,2026-07-14T17:32:04.834699
603223,其它,2026-07-14T17:32:04.847422
603225,其它,2026-07-14T17:32:05.061341
603226,其它,2026-07-14T17:32:06.034680
603227,其它,2026-07-14T17:32:09.706766
603228,其它,2026-07-14T17:32:09.720917
603229,其它,2026-07-14T17:32:09.720858
603230,其它,2026-07-14T17:32:09.750339
603232,其它,2026-07-14T17:32:09.817895
603233,其它,2026-07-14T17:32:09.850507
603235,其它,2026-07-14T17:32:09.856684
603236,其它,2026-07-14T17:32:09.862191
603237,其它,2026-07-14T17:32:10.073830
603238,其它,2026-07-14T17:32:11.047389
603239,其它,2026-07-14T17:32:14.733312
603256,其它,2026-07-14T17:32:14.748641
603258,其它,2026-07-14T17:32:14.760305
603255,其它,2026-07-14T17:32:14.763976
603259,其它,2026-07-14T17:32:14.814834
603261,其它,2026-07-14T17:32:14.873212
603260,其它,2026-07-14T17:32:14.873281
603266,其它,2026-07-14T17:32:14.888740
603267,其它,2026-07-14T17:32:15.082478
603268,其它,2026-07-14T17:32:16.063448
603270,其它,2026-07-14T17:32:19.766458
603276,其它,2026-07-14T17:32:19.766551
603269,其它,2026-07-14T17:32:19.767120
603275,其它,2026-07-14T17:32:19.789178
603277,其它,2026-07-14T17:32:19.830326
603279,其它,2026-07-14T17:32:19.889462
603278,其它,2026-07-14T17:32:19.893131
603280,其它,2026-07-14T17:32:19.919811
603281,其它,2026-07-14T17:32:20.119031
603282,其它,2026-07-14T17:32:21.143324
603288,其它,2026-07-14T17:32:24.777574
603283,其它,2026-07-14T17:32:24.786002
603290,其它,2026-07-14T17:32:24.861824
603286,其它,2026-07-14T17:32:24.865917
603289,其它,2026-07-14T17:32:24.866676
603296,其它,2026-07-14T17:32:24.974199
603291,其它,2026-07-14T17:32:24.974275
603297,其它,2026-07-14T17:32:25.022400
603298,其它,2026-07-14T17:32:25.141790
603299,其它,2026-07-14T17:32:26.177341
603300,其它,2026-07-14T17:32:29.808589
603301,其它,2026-07-14T17:32:29.810240
603306,其它,2026-07-14T17:32:29.861824
603303,其它,2026-07-14T17:32:29.867834
603305,其它,2026-07-14T17:32:29.870329
603308,其它,2026-07-14T17:32:30.002329
603307,其它,2026-07-14T17:32:30.006885
603309,其它,2026-07-14T17:32:30.037396
603311,其它,2026-07-14T17:32:30.159324
603313,其它,2026-07-14T17:32:31.206530
603315,其它,2026-07-14T17:32:34.832450
603316,其它,2026-07-14T17:32:34.839694
603319,其它,2026-07-14T17:32:34.880417
603317,其它,2026-07-14T17:32:34.884232
603318,其它,2026-07-14T17:32:34.894581
603320,其它,2026-07-14T17:32:35.009300
603321,其它,2026-07-14T17:32:35.025947
603322,其它,2026-07-14T17:32:35.056390
603323,其它,2026-07-14T17:32:35.193363
603324,其它,2026-07-14T17:32:36.231644
603326,其它,2026-07-14T17:32:39.852501
603327,其它,2026-07-14T17:32:39.858373
603330,其它,2026-07-14T17:32:39.906080
603329,其它,2026-07-14T17:32:39.937844
603328,其它,2026-07-14T17:32:39.938568
603331,其它,2026-07-14T17:32:40.031262
603332,其它,2026-07-14T17:32:40.044688
603333,其它,2026-07-14T17:32:40.084904
603335,其它,2026-07-14T17:32:40.249321
603336,其它,2026-07-14T17:32:41.253338
603338,其它,2026-07-14T17:32:44.882856
603337,其它,2026-07-14T17:32:44.882922
603339,其它,2026-07-14T17:32:44.907432
603345,其它,2026-07-14T17:32:44.952120
603348,其它,2026-07-14T17:32:44.958272
603353,其它,2026-07-14T17:32:45.067822
603351,其它,2026-07-14T17:32:45.074668
603355,其它,2026-07-14T17:32:45.094095
603356,其它,2026-07-14T17:32:45.290145
603357,其它,2026-07-14T17:32:46.280786
603358,其它,2026-07-14T17:32:49.892996
603360,其它,2026-07-14T17:32:49.901383
603363,其它,2026-07-14T17:32:49.930171
603365,其它,2026-07-14T17:32:49.971475
603366,其它,2026-07-14T17:32:49.981924
603367,其它,2026-07-14T17:32:50.073975
603368,其它,2026-07-14T17:32:50.104461
603369,其它,2026-07-14T17:32:50.104512
603379,其它,2026-07-14T17:32:50.306033
603380,其它,2026-07-14T17:32:51.294511
603383,其它,2026-07-14T17:32:54.906345
603385,其它,2026-07-14T17:32:54.915642
603386,其它,2026-07-14T17:32:54.956218
603387,其它,2026-07-14T17:32:54.997763
603389,其它,2026-07-14T17:32:55.004143
603390,其它,2026-07-14T17:32:55.093513
603392,其它,2026-07-14T17:32:55.096255
603393,其它,2026-07-14T17:32:55.124363
603396,其它,2026-07-14T17:32:55.322174
603399,其它,2026-07-14T17:32:56.310102
603408,其它,2026-07-14T17:32:59.923765
603416,其它,2026-07-14T17:32:59.929747
603421,其它,2026-07-14T17:32:59.950029
603444,其它,2026-07-14T17:33:00.024121
603439,其它,2026-07-14T17:33:00.033462
603456,其它,2026-07-14T17:33:00.108846
603458,其它,2026-07-14T17:33:00.111263
603466,其它,2026-07-14T17:33:00.177210
603477,其它,2026-07-14T17:33:00.353254
603486,其它,2026-07-14T17:33:01.365532
603488,其它,2026-07-14T17:33:04.931389
603489,其它,2026-07-14T17:33:04.932682
603496,其它,2026-07-14T17:33:04.972934
603500,其它,2026-07-14T17:33:05.036841
603499,其它,2026-07-14T17:33:05.059032
603501,其它,2026-07-14T17:33:05.123337
603506,其它,2026-07-14T17:33:05.198422
603507,其它,2026-07-14T17:33:05.357000
603505,其它,2026-07-14T17:33:06.138449
603508,其它,2026-07-14T17:33:06.370737
603511,其它,2026-07-14T17:33:09.928935
603515,其它,2026-07-14T17:33:09.947542
603516,其它,2026-07-14T17:33:09.971390
603518,其它,2026-07-14T17:33:10.053786
603519,其它,2026-07-14T17:33:10.066722
603520,其它,2026-07-14T17:33:10.114368
603527,其它,2026-07-14T17:33:10.222096
603528,其它,2026-07-14T17:33:10.381932
603529,其它,2026-07-14T17:33:11.142912
603530,其它,2026-07-14T17:33:11.387284
603533,其它,2026-07-14T17:33:14.951325
603535,其它,2026-07-14T17:33:14.959124
603536,其它,2026-07-14T17:33:14.993640
603538,其它,2026-07-14T17:33:15.063972
603551,其它,2026-07-14T17:33:15.084723
603556,其它,2026-07-14T17:33:15.123671
603558,其它,2026-07-14T17:33:15.232735
603559,其它,2026-07-14T17:33:15.403693
603565,其它,2026-07-14T17:33:16.160034
603566,其它,2026-07-14T17:33:16.411348
603567,其它,2026-07-14T17:33:19.981983
603568,其它,2026-07-14T17:33:19.988305
603569,其它,2026-07-14T17:33:20.038347
603577,其它,2026-07-14T17:33:20.088940
603578,其它,2026-07-14T17:33:20.114152
603579,其它,2026-07-14T17:33:20.145659
603580,其它,2026-07-14T17:33:20.268526
603583,其它,2026-07-14T17:33:20.429563
603585,其它,2026-07-14T17:33:21.165648
603586,其它,2026-07-14T17:33:21.421592
603587,其它,2026-07-14T17:33:24.995731
603588,其它,2026-07-14T17:33:25.072768
603589,其它,2026-07-14T17:33:25.113648
603596,其它,2026-07-14T17:33:25.117870
603590,其它,2026-07-14T17:33:25.117915
603598,其它,2026-07-14T17:33:25.155279
603599,其它,2026-07-14T17:33:25.281246
603600,其它,2026-07-14T17:33:25.433426
603601,其它,2026-07-14T17:33:26.182986
603602,其它,2026-07-14T17:33:26.431273
603603,其它,2026-07-14T17:33:30.019917
603605,其它,2026-07-14T17:33:30.083112
603606,其它,2026-07-14T17:33:30.129678
603607,其它,2026-07-14T17:33:30.132504
603608,其它,2026-07-14T17:33:30.139752
603609,其它,2026-07-14T17:33:30.185601
603610,其它,2026-07-14T17:33:30.314588
603611,其它,2026-07-14T17:33:30.431436
603612,其它,2026-07-14T17:33:31.188225
603613,其它,2026-07-14T17:33:31.445653
603615,其它,2026-07-14T17:33:35.038483
603616,其它,2026-07-14T17:33:35.093366
603618,其它,2026-07-14T17:33:35.148362
603617,其它,2026-07-14T17:33:35.151367
603619,其它,2026-07-14T17:33:35.154643
603626,其它,2026-07-14T17:33:35.202944
603628,其它,2026-07-14T17:33:35.322067
603629,其它,2026-07-14T17:33:35.463937
603630,其它,2026-07-14T17:33:36.204083
603633,其它,2026-07-14T17:33:36.442711
603636,其它,2026-07-14T17:33:40.079106
603637,其它,2026-07-14T17:33:40.110825
603648,其它,2026-07-14T17:33:40.155374
603638,其它,2026-07-14T17:33:40.156242
603639,其它,2026-07-14T17:33:40.156354
603650,其它,2026-07-14T17:33:40.211092
603655,其它,2026-07-14T17:33:40.349432
603656,其它,2026-07-14T17:33:40.470859
603657,其它,2026-07-14T17:33:41.221669
603658,其它,2026-07-14T17:33:41.485853
603659,其它,2026-07-14T17:33:45.089912
603660,其它,2026-07-14T17:33:45.138133
603662,其它,2026-07-14T17:33:45.172621
603661,其它,2026-07-14T17:33:45.190103
603663,其它,2026-07-14T17:33:45.209800
603665,其它,2026-07-14T17:33:45.240610
603666,其它,2026-07-14T17:33:45.351444
603667,其它,2026-07-14T17:33:45.481159
603668,其它,2026-07-14T17:33:46.231987
603669,其它,2026-07-14T17:33:46.517608
603676,其它,2026-07-14T17:33:50.112304
603677,其它,2026-07-14T17:33:50.140439
603678,其它,2026-07-14T17:33:50.179225
603679,其它,2026-07-14T17:33:50.203869
603680,其它,2026-07-14T17:33:50.224655
603681,其它,2026-07-14T17:33:50.255063
603682,其它,2026-07-14T17:33:50.355100
603683,其它,2026-07-14T17:33:50.498830
603685,其它,2026-07-14T17:33:51.274965
603686,其它,2026-07-14T17:33:51.519272
603687,其它,2026-07-14T17:33:55.124365
603688,其它,2026-07-14T17:33:55.143176
603689,其它,2026-07-14T17:33:55.187251
603690,其它,2026-07-14T17:33:55.200414
603693,其它,2026-07-14T17:33:55.248217
603696,其它,2026-07-14T17:33:55.278411
603697,其它,2026-07-14T17:33:55.371818
603698,其它,2026-07-14T17:33:55.518223
603699,其它,2026-07-14T17:33:56.301411
603700,其它,2026-07-14T17:33:56.537840
603701,其它,2026-07-14T17:34:00.147375
603703,其它,2026-07-14T17:34:00.168445
603707,其它,2026-07-14T17:34:00.205253
603706,其它,2026-07-14T17:34:00.221728
603708,其它,2026-07-14T17:34:00.265349
603709,其它,2026-07-14T17:34:00.295128
603711,其它,2026-07-14T17:34:00.378545
603712,其它,2026-07-14T17:34:00.549368
603713,其它,2026-07-14T17:34:01.314452
603716,其它,2026-07-14T17:34:01.536556
603717,其它,2026-07-14T17:34:05.155970
603719,其它,2026-07-14T17:34:05.169922
603722,其它,2026-07-14T17:34:05.220349
603721,其它,2026-07-14T17:34:05.220889
603725,其它,2026-07-14T17:34:05.290309
603726,其它,2026-07-14T17:34:05.303257
603727,其它,2026-07-14T17:34:05.393586
603728,其它,2026-07-14T17:34:05.554241
603730,其它,2026-07-14T17:34:06.355497
603733,其它,2026-07-14T17:34:06.632458
603737,其它,2026-07-14T17:34:10.173608
603738,其它,2026-07-14T17:34:10.194718
603739,其它,2026-07-14T17:34:10.242470
603755,其它,2026-07-14T17:34:10.243066
603757,其它,2026-07-14T17:34:10.316661
603758,其它,2026-07-14T17:34:10.330060
603759,其它,2026-07-14T17:34:10.433223
603766,其它,2026-07-14T17:34:10.568335
603767,其它,2026-07-14T17:34:11.388785
603768,其它,2026-07-14T17:34:11.669341
603773,其它,2026-07-14T17:34:15.204737
603776,其它,2026-07-14T17:34:15.217990
603778,其它,2026-07-14T17:34:15.257558
603777,其它,2026-07-14T17:34:15.264940
603779,其它,2026-07-14T17:34:15.314927
603786,其它,2026-07-14T17:34:15.342564
603787,其它,2026-07-14T17:34:15.509424
603788,其它,2026-07-14T17:34:15.583222
603790,其它,2026-07-14T17:34:16.394903
603797,其它,2026-07-14T17:34:16.703283
603798,其它,2026-07-14T17:34:20.226983
603799,其它,2026-07-14T17:34:20.278667
603801,其它,2026-07-14T17:34:20.280421
603800,其它,2026-07-14T17:34:20.288553
603803,其它,2026-07-14T17:34:20.333567
603806,其它,2026-07-14T17:34:20.367034
603808,其它,2026-07-14T17:34:20.525282
603809,其它,2026-07-14T17:34:20.587153
603810,其它,2026-07-14T17:34:21.428634
603811,其它,2026-07-14T17:34:21.723962
603813,其它,2026-07-14T17:34:25.238226
603817,其它,2026-07-14T17:34:25.312658
603815,其它,2026-07-14T17:34:25.318613
603816,其它,2026-07-14T17:34:25.327055
603818,其它,2026-07-14T17:34:25.346942
603819,其它,2026-07-14T17:34:25.397861
603823,其它,2026-07-14T17:34:25.558213
603826,其它,2026-07-14T17:34:25.610686
603829,其它,2026-07-14T17:34:26.462058
603833,其它,2026-07-14T17:34:26.750144
603836,其它,2026-07-14T17:34:30.267411
603839,其它,2026-07-14T17:34:30.334924
603855,其它,2026-07-14T17:34:30.354290
603848,其它,2026-07-14T17:34:30.362561
603856,其它,2026-07-14T17:34:30.393692
603858,其它,2026-07-14T17:34:30.401536
603859,其它,2026-07-14T17:34:30.580408
603860,其它,2026-07-14T17:34:30.639782
603861,其它,2026-07-14T17:34:31.492687
603863,其它,2026-07-14T17:34:31.786989
603866,其它,2026-07-14T17:34:35.276701
603867,其它,2026-07-14T17:34:35.357921
603868,其它,2026-07-14T17:34:35.364316
603871,其它,2026-07-14T17:34:35.373672
603877,其它,2026-07-14T17:34:35.422382
603878,其它,2026-07-14T17:34:35.605795
603879,其它,2026-07-14T17:34:35.658179
603876,其它,2026-07-14T17:34:35.672605
603880,其它,2026-07-14T17:34:36.520966
603881,其它,2026-07-14T17:34:36.798387
603882,其它,2026-07-14T17:34:40.323497
603883,其它,2026-07-14T17:34:40.372817
603886,其它,2026-07-14T17:34:40.383106
603885,其它,2026-07-14T17:34:40.383697
603887,其它,2026-07-14T17:34:40.447539
603888,其它,2026-07-14T17:34:40.615098
603889,其它,2026-07-14T17:34:40.642602
603890,其它,2026-07-14T17:34:40.684582
603893,其它,2026-07-14T17:34:41.537862
603895,其它,2026-07-14T17:34:41.827992
603896,其它,2026-07-14T17:34:45.351890
603897,其它,2026-07-14T17:34:45.390641
603899,其它,2026-07-14T17:34:45.424257
603898,其它,2026-07-14T17:34:45.424982
603900,其它,2026-07-14T17:34:45.493972
603901,其它,2026-07-14T17:34:45.647928
603903,其它,2026-07-14T17:34:45.655396
603906,其它,2026-07-14T17:34:45.700612
603908,其它,2026-07-14T17:34:46.569212
603909,其它,2026-07-14T17:34:46.853688
603912,其它,2026-07-14T17:34:50.368163
603915,其它,2026-07-14T17:34:50.410703
603917,其它,2026-07-14T17:34:50.434671
603916,其它,2026-07-14T17:34:50.434740
603918,其它,2026-07-14T17:34:50.515653
603920,其它,2026-07-14T17:34:50.674570
603919,其它,2026-07-14T17:34:50.674643
603926,其它,2026-07-14T17:34:50.697994
603927,其它,2026-07-14T17:34:51.615408
603928,其它,2026-07-14T17:34:51.919790
603929,其它,2026-07-14T17:34:55.392911
603931,其它,2026-07-14T17:34:55.421133
603933,其它,2026-07-14T17:34:55.448041
603936,其它,2026-07-14T17:34:55.454744
603937,其它,2026-07-14T17:34:55.546902
603939,其它,2026-07-14T17:34:55.689809
603948,其它,2026-07-14T17:34:55.713511
603938,其它,2026-07-14T17:34:55.766543
603949,其它,2026-07-14T17:34:56.635672
603950,其它,2026-07-14T17:34:56.940043
603955,其它,2026-07-14T17:35:00.415881
603956,其它,2026-07-14T17:35:00.424665
603958,其它,2026-07-14T17:35:00.465388
603960,其它,2026-07-14T17:35:00.465318
603966,其它,2026-07-14T17:35:00.567751
603967,其它,2026-07-14T17:35:00.701367
603968,其它,2026-07-14T17:35:00.731779
603969,其它,2026-07-14T17:35:00.773282
603970,其它,2026-07-14T17:35:01.633385
603976,其它,2026-07-14T17:35:02.011234
603977,其它,2026-07-14T17:35:05.440876
603978,其它,2026-07-14T17:35:05.488836
603979,其它,2026-07-14T17:35:05.498509
603980,其它,2026-07-14T17:35:05.503175
603982,其它,2026-07-14T17:35:05.598081
603983,其它,2026-07-14T17:35:05.716386
603985,其它,2026-07-14T17:35:05.734489
603986,其它,2026-07-14T17:35:05.783882
603987,其它,2026-07-14T17:35:06.663627
603988,其它,2026-07-14T17:35:07.031920
603989,其它,2026-07-14T17:35:10.456959
603991,其它,2026-07-14T17:35:10.509043
603990,其它,2026-07-14T17:35:10.514919
603992,其它,2026-07-14T17:35:10.520279
603993,其它,2026-07-14T17:35:10.613819
603995,其它,2026-07-14T17:35:10.732585
603997,其它,2026-07-14T17:35:10.752467
603998,其它,2026-07-14T17:35:10.842389
603999,其它,2026-07-14T17:35:11.687518
605001,其它,2026-07-14T17:35:12.066544
605003,其它,2026-07-14T17:35:15.472244
605005,其它,2026-07-14T17:35:15.512503
605006,其它,2026-07-14T17:35:15.531472
605007,其它,2026-07-14T17:35:15.563160
605008,其它,2026-07-14T17:35:15.632111
605009,其它,2026-07-14T17:35:15.757699
605011,其它,2026-07-14T17:35:15.767393
605016,其它,2026-07-14T17:35:15.860814
605018,其它,2026-07-14T17:35:16.710002
605020,其它,2026-07-14T17:35:17.089680
605028,其它,2026-07-14T17:35:20.474389
605050,其它,2026-07-14T17:35:20.539904
605033,其它,2026-07-14T17:35:20.539837
605055,其它,2026-07-14T17:35:20.627040
605056,其它,2026-07-14T17:35:20.659212
605058,其它,2026-07-14T17:35:20.766562
605060,其它,2026-07-14T17:35:20.831358
605066,其它,2026-07-14T17:35:20.872401
605068,其它,2026-07-14T17:35:21.716732
605069,其它,2026-07-14T17:35:22.121918
605077,其它,2026-07-14T17:35:25.523799
605081,其它,2026-07-14T17:35:25.554317
605080,其它,2026-07-14T17:35:25.554395
605086,其它,2026-07-14T17:35:25.653313
605088,其它,2026-07-14T17:35:25.667152
605089,其它,2026-07-14T17:35:25.767839
605090,其它,2026-07-14T17:35:25.843321
605098,其它,2026-07-14T17:35:25.896348
605099,其它,2026-07-14T17:35:26.731124
605100,其它,2026-07-14T17:35:27.154023
605108,其它,2026-07-14T17:35:30.549963
605111,其它,2026-07-14T17:35:30.582035
605116,其它,2026-07-14T17:35:30.581967
605117,其它,2026-07-14T17:35:30.665932
605118,其它,2026-07-14T17:35:30.665880
605122,其它,2026-07-14T17:35:30.786669
605123,其它,2026-07-14T17:35:30.858931
605128,其它,2026-07-14T17:35:30.898127
605133,其它,2026-07-14T17:35:31.744876
605136,其它,2026-07-14T17:35:32.163249
605138,其它,2026-07-14T17:35:35.587077
605151,其它,2026-07-14T17:35:35.604973
605155,其它,2026-07-14T17:35:35.624646
605162,其它,2026-07-14T17:35:35.689587
605158,其它,2026-07-14T17:35:35.693618
605166,其它,2026-07-14T17:35:35.802620
605167,其它,2026-07-14T17:35:35.871920
605168,其它,2026-07-14T17:35:36.016625
605169,其它,2026-07-14T17:35:36.755910
605177,其它,2026-07-14T17:35:37.208495
605178,其它,2026-07-14T17:35:40.624988
605179,其它,2026-07-14T17:35:40.626953
605180,其它,2026-07-14T17:35:40.659321
605183,其它,2026-07-14T17:35:40.698095
605186,其它,2026-07-14T17:35:40.712956
605188,其它,2026-07-14T17:35:40.820371
605189,其它,2026-07-14T17:35:40.889714
605196,其它,2026-07-14T17:35:41.042251
605198,其它,2026-07-14T17:35:41.782741
605208,其它,2026-07-14T17:35:43.225523
605222,其它,2026-07-14T17:35:45.646660
605218,其它,2026-07-14T17:35:45.651450
605228,其它,2026-07-14T17:35:45.678365
605255,其它,2026-07-14T17:35:45.726329
605258,其它,2026-07-14T17:35:45.727395
605259,其它,2026-07-14T17:35:45.838807
605298,高铁,2026-07-14T17:35:45.901085
605266,其它,2026-07-14T17:35:45.903481
605299,足球概念,2026-07-14T17:35:46.027272
605300,预制菜,2026-07-14T17:35:46.049817
605268,其它,2026-07-14T17:35:46.054523
605303,存储芯片,2026-07-14T17:35:46.080774
605305,风电,2026-07-14T17:35:46.194477
605318,长三角一体化,2026-07-14T17:35:46.200812
605319,小米汽车,2026-07-14T17:35:46.201346
605333,华为汽车,2026-07-14T17:35:46.233887
605339,乳业,2026-07-14T17:35:46.340446
605337,乳业,2026-07-14T17:35:46.350802
605338,预制菜,2026-07-14T17:35:46.362042
605358,中芯国际概念,2026-07-14T17:35:46.397780
605368,天然气,2026-07-14T17:35:46.500683
605366,有机硅概念,2026-07-14T17:35:46.527396
605365,福建自贸区,2026-07-14T17:35:46.528554
605369,医疗器械概念,2026-07-14T17:35:46.539816
605376,3D打印,2026-07-14T17:35:46.642723
605377,高股息精选,2026-07-14T17:35:46.674169
605378,锂电池概念,2026-07-14T17:35:46.663746
605388,幽门螺杆菌概念,2026-07-14T17:35:46.689456
605389,减速器,2026-07-14T17:35:46.807983
605277,其它,2026-07-14T17:35:46.809094
605488,人形机器人,2026-07-14T17:35:46.831643
605399,有机硅概念,2026-07-14T17:35:46.835823
605398,MLOps概念,2026-07-14T17:35:46.860111
605500,共同富裕示范区,2026-07-14T17:35:46.961854
605499,数字经济,2026-07-14T17:35:46.975097
605555,人形机器人,2026-07-14T17:35:47.000430
605507,合成生物,2026-07-14T17:35:47.010413
605566,染料,2026-07-14T17:35:47.045279
605567,人造肉,2026-07-14T17:35:47.116862
605577,IP经济(谷子经济),2026-07-14T17:35:47.139021
605588,OLED,2026-07-14T17:35:47.157271
605580,培育钻石,2026-07-14T17:35:47.184672
605589,光刻胶,2026-07-14T17:35:47.259536
605599,高股息精选,2026-07-14T17:35:47.399477
605598,卫星导航,2026-07-14T17:35:47.551686
605286,其它,2026-07-14T17:35:48.252239
605287,其它,2026-07-14T17:35:50.787762
605289,其它,2026-07-14T17:35:53.754794
605296,其它,2026-07-14T17:35:53.760879
605288,其它,2026-07-14T17:35:53.760854
